OccurrrenceUrn	TextPassage
urn:cite:hmt:venAsign.1	urn:cts:greekLit:tlg0012.tlg001.msA:1.2
urn:cite:hmt:venAsign.2	urn:cts:greekLit:tlg0012.tlg001.msA:1.3
urn:cite:hmt:venAsign.3	urn:cts:greekLit:tlg0012.tlg001.msA:1.5
urn:cite:hmt:venAsign.4	urn:cts:greekLit:tlg0012.tlg001.msA:1.7
urn:cite:hmt:venAsign.5	urn:cts:greekLit:tlg0012.tlg001.msA:1.12
urn:cite:hmt:venAsign.6	urn:cts:greekLit:tlg0012.tlg001.msA:1.13
urn:cite:hmt:venAsign.7	urn:cts:greekLit:tlg0012.tlg001.msA:1.14
urn:cite:hmt:venAsign.8	urn:cts:greekLit:tlg0012.tlg001.msA:1.15
urn:cite:hmt:venAsign.9	urn:cts:greekLit:tlg0012.tlg001.msA:1.16
urn:cite:hmt:venAsign.10	urn:cts:greekLit:tlg0012.tlg001.msA:1.17
urn:cite:hmt:venAsign.11	urn:cts:greekLit:tlg0012.tlg001.msA:1.26
urn:cite:hmt:venAsign.12	urn:cts:greekLit:tlg0012.tlg001.msA:1.29
urn:cite:hmt:venAsign.13	urn:cts:greekLit:tlg0012.tlg001.msA:1.30
urn:cite:hmt:venAsign.14	urn:cts:greekLit:tlg0012.tlg001.msA:1.31
urn:cite:hmt:venAsign.15	urn:cts:greekLit:tlg0012.tlg001.msA:1.42
urn:cite:hmt:venAsign.16	urn:cts:greekLit:tlg0012.tlg001.msA:1.51
urn:cite:hmt:venAsign.17	urn:cts:greekLit:tlg0012.tlg001.msA:1.52
urn:cite:hmt:venAsign.18	urn:cts:greekLit:tlg0012.tlg001.msA:1.56
urn:cite:hmt:venAsign.19	urn:cts:greekLit:tlg0012.tlg001.msA:1.58
urn:cite:hmt:venAsign.20	urn:cts:greekLit:tlg0012.tlg001.msA:1.59
urn:cite:hmt:venAsign.21	urn:cts:greekLit:tlg0012.tlg001.msA:1.60
urn:cite:hmt:venAsign.22	urn:cts:greekLit:tlg0012.tlg001.msA:1.62
urn:cite:hmt:venAsign.23	urn:cts:greekLit:tlg0012.tlg001.msA:1.65
urn:cite:hmt:venAsign.24	urn:cts:greekLit:tlg0012.tlg001.msA:1.68
urn:cite:hmt:venAsign.25	urn:cts:greekLit:tlg0012.tlg001.msA:1.69
urn:cite:hmt:venAsign.26	urn:cts:greekLit:tlg0012.tlg001.msA:1.73
urn:cite:hmt:venAsign.27	urn:cts:greekLit:tlg0012.tlg001.msA:1.80
urn:cite:hmt:venAsign.28	urn:cts:greekLit:tlg0012.tlg001.msA:1.93
urn:cite:hmt:venAsign.29	urn:cts:greekLit:tlg0012.tlg001.msA:1.96
urn:cite:hmt:venAsign.30	urn:cts:greekLit:tlg0012.tlg001.msA:1.100
urn:cite:hmt:venAsign.31	urn:cts:greekLit:tlg0012.tlg001.msA:1.103
urn:cite:hmt:venAsign.32	urn:cts:greekLit:tlg0012.tlg001.msA:1.104
urn:cite:hmt:venAsign.33	urn:cts:greekLit:tlg0012.tlg001.msA:1.110
urn:cite:hmt:venAsign.34	urn:cts:greekLit:tlg0012.tlg001.msA:1.133
urn:cite:hmt:venAsign.35	urn:cts:greekLit:tlg0012.tlg001.msA:1.139
urn:cite:hmt:venAsign.36	urn:cts:greekLit:tlg0012.tlg001.msA:1.148
urn:cite:hmt:venAsign.37	urn:cts:greekLit:tlg0012.tlg001.msA:1.175
urn:cite:hmt:venAsign.38	urn:cts:greekLit:tlg0012.tlg001.msA:1.177
urn:cite:hmt:venAsign.39	urn:cts:greekLit:tlg0012.tlg001.msA:1.184
urn:cite:hmt:venAsign.40	urn:cts:greekLit:tlg0012.tlg001.msA:1.189
urn:cite:hmt:venAsign.41	urn:cts:greekLit:tlg0012.tlg001.msA:1.192
urn:cite:hmt:venAsign.42	urn:cts:greekLit:tlg0012.tlg001.msA:1.194
urn:cite:hmt:venAsign.43	urn:cts:greekLit:tlg0012.tlg001.msA:1.195
urn:cite:hmt:venAsign.44	urn:cts:greekLit:tlg0012.tlg001.msA:1.196
urn:cite:hmt:venAsign.45	urn:cts:greekLit:tlg0012.tlg001.msA:1.196
urn:cite:hmt:venAsign.46	urn:cts:greekLit:tlg0012.tlg001.msA:1.198
urn:cite:hmt:venAsign.47	urn:cts:greekLit:tlg0012.tlg001.msA:1.200
urn:cite:hmt:venAsign.48	urn:cts:greekLit:tlg0012.tlg001.msA:1.203
urn:cite:hmt:venAsign.49	urn:cts:greekLit:tlg0012.tlg001.msA:1.204
urn:cite:hmt:venAsign.50	urn:cts:greekLit:tlg0012.tlg001.msA:1.208
urn:cite:hmt:venAsign.51	urn:cts:greekLit:tlg0012.tlg001.msA:1.208
urn:cite:hmt:venAsign.52	urn:cts:greekLit:tlg0012.tlg001.msA:1.209
urn:cite:hmt:venAsign.53	urn:cts:greekLit:tlg0012.tlg001.msA:1.209
urn:cite:hmt:venAsign.54	urn:cts:greekLit:tlg0012.tlg001.msA:1.249
urn:cite:hmt:venAsign.55	urn:cts:greekLit:tlg0012.tlg001.msA:1.251
urn:cite:hmt:venAsign.56	urn:cts:greekLit:tlg0012.tlg001.msA:1.260
urn:cite:hmt:venAsign.57	urn:cts:greekLit:tlg0012.tlg001.msA:1.262
urn:cite:hmt:venAsign.58	urn:cts:greekLit:tlg0012.tlg001.msA:1.270
urn:cite:hmt:venAsign.59	urn:cts:greekLit:tlg0012.tlg001.msA:1.271
urn:cite:hmt:venAsign.60	urn:cts:greekLit:tlg0012.tlg001.msA:1.272
urn:cite:hmt:venAsign.61	urn:cts:greekLit:tlg0012.tlg001.msA:1.275
urn:cite:hmt:venAsign.62	urn:cts:greekLit:tlg0012.tlg001.msA:1.291
urn:cite:hmt:venAsign.63	urn:cts:greekLit:tlg0012.tlg001.msA:1.295
urn:cite:hmt:venAsign.64	urn:cts:greekLit:tlg0012.tlg001.msA:1.299
urn:cite:hmt:venAsign.65	urn:cts:greekLit:tlg0012.tlg001.msA:1.305
urn:cite:hmt:venAsign.66	urn:cts:greekLit:tlg0012.tlg001.msA:1.307
urn:cite:hmt:venAsign.67	urn:cts:greekLit:tlg0012.tlg001.msA:1.310
urn:cite:hmt:venAsign.68	urn:cts:greekLit:tlg0012.tlg001.msA:1.320
urn:cite:hmt:venAsign.69	urn:cts:greekLit:tlg0012.tlg001.msA:1.330
urn:cite:hmt:venAsign.70	urn:cts:greekLit:tlg0012.tlg001.msA:1.336
urn:cite:hmt:venAsign.71	urn:cts:greekLit:tlg0012.tlg001.msA:1.338
urn:cite:hmt:venAsign.72	urn:cts:greekLit:tlg0012.tlg001.msA:1.340
urn:cite:hmt:venAsign.73	urn:cts:greekLit:tlg0012.tlg001.msA:1.351
urn:cite:hmt:venAsign.74	urn:cts:greekLit:tlg0012.tlg001.msA:1.364
urn:cite:hmt:venAsign.75	urn:cts:greekLit:tlg0012.tlg001.msA:1.365
urn:cite:hmt:venAsign.76	urn:cts:greekLit:tlg0012.tlg001.msA:1.366
urn:cite:hmt:venAsign.77	urn:cts:greekLit:tlg0012.tlg001.msA:1.367
urn:cite:hmt:venAsign.78	urn:cts:greekLit:tlg0012.tlg001.msA:1.368
urn:cite:hmt:venAsign.79	urn:cts:greekLit:tlg0012.tlg001.msA:1.369
urn:cite:hmt:venAsign.80	urn:cts:greekLit:tlg0012.tlg001.msA:1.370
urn:cite:hmt:venAsign.81	urn:cts:greekLit:tlg0012.tlg001.msA:1.371
urn:cite:hmt:venAsign.82	urn:cts:greekLit:tlg0012.tlg001.msA:1.372
urn:cite:hmt:venAsign.83	urn:cts:greekLit:tlg0012.tlg001.msA:1.373
urn:cite:hmt:venAsign.84	urn:cts:greekLit:tlg0012.tlg001.msA:1.374
urn:cite:hmt:venAsign.85	urn:cts:greekLit:tlg0012.tlg001.msA:1.375
urn:cite:hmt:venAsign.86	urn:cts:greekLit:tlg0012.tlg001.msA:1.376
urn:cite:hmt:venAsign.87	urn:cts:greekLit:tlg0012.tlg001.msA:1.377
urn:cite:hmt:venAsign.88	urn:cts:greekLit:tlg0012.tlg001.msA:1.378
urn:cite:hmt:venAsign.89	urn:cts:greekLit:tlg0012.tlg001.msA:1.379
urn:cite:hmt:venAsign.90	urn:cts:greekLit:tlg0012.tlg001.msA:1.372
urn:cite:hmt:venAsign.91	urn:cts:greekLit:tlg0012.tlg001.msA:1.373
urn:cite:hmt:venAsign.92	urn:cts:greekLit:tlg0012.tlg001.msA:1.374
urn:cite:hmt:venAsign.93	urn:cts:greekLit:tlg0012.tlg001.msA:1.375
urn:cite:hmt:venAsign.94	urn:cts:greekLit:tlg0012.tlg001.msA:1.376
urn:cite:hmt:venAsign.95	urn:cts:greekLit:tlg0012.tlg001.msA:1.377
urn:cite:hmt:venAsign.96	urn:cts:greekLit:tlg0012.tlg001.msA:1.378
urn:cite:hmt:venAsign.97	urn:cts:greekLit:tlg0012.tlg001.msA:1.379
urn:cite:hmt:venAsign.98	urn:cts:greekLit:tlg0012.tlg001.msA:1.380
urn:cite:hmt:venAsign.99	urn:cts:greekLit:tlg0012.tlg001.msA:1.381
urn:cite:hmt:venAsign.100	urn:cts:greekLit:tlg0012.tlg001.msA:1.382
urn:cite:hmt:venAsign.101	urn:cts:greekLit:tlg0012.tlg001.msA:1.383
urn:cite:hmt:venAsign.102	urn:cts:greekLit:tlg0012.tlg001.msA:1.384
urn:cite:hmt:venAsign.103	urn:cts:greekLit:tlg0012.tlg001.msA:1.385
urn:cite:hmt:venAsign.104	urn:cts:greekLit:tlg0012.tlg001.msA:1.386
urn:cite:hmt:venAsign.105	urn:cts:greekLit:tlg0012.tlg001.msA:1.387
urn:cite:hmt:venAsign.106	urn:cts:greekLit:tlg0012.tlg001.msA:1.388
urn:cite:hmt:venAsign.107	urn:cts:greekLit:tlg0012.tlg001.msA:1.389
urn:cite:hmt:venAsign.108	urn:cts:greekLit:tlg0012.tlg001.msA:1.390
urn:cite:hmt:venAsign.109	urn:cts:greekLit:tlg0012.tlg001.msA:1.391
urn:cite:hmt:venAsign.110	urn:cts:greekLit:tlg0012.tlg001.msA:1.392
urn:cite:hmt:venAsign.111	urn:cts:greekLit:tlg0012.tlg001.msA:1.393
urn:cite:hmt:venAsign.112	urn:cts:greekLit:tlg0012.tlg001.msA:1.402
urn:cite:hmt:venAsign.113	urn:cts:greekLit:tlg0012.tlg001.msA:1.403
urn:cite:hmt:venAsign.114	urn:cts:greekLit:tlg0012.tlg001.msA:1.404
urn:cite:hmt:venAsign.115	urn:cts:greekLit:tlg0012.tlg001.msA:1.405
urn:cite:hmt:venAsign.116	urn:cts:greekLit:tlg0012.tlg001.msA:1.412
urn:cite:hmt:venAsign.117	urn:cts:greekLit:tlg0012.tlg001.msA:1.424
urn:cite:hmt:venAsign.118	urn:cts:greekLit:tlg0012.tlg001.msA:1.425
urn:cite:hmt:venAsign.119	urn:cts:greekLit:tlg0012.tlg001.msA:1.429
urn:cite:hmt:venAsign.120	urn:cts:greekLit:tlg0012.tlg001.msA:1.443
urn:cite:hmt:venAsign.121	urn:cts:greekLit:tlg0012.tlg001.msA:1.444
urn:cite:hmt:venAsign.122	urn:cts:greekLit:tlg0012.tlg001.msA:1.454
urn:cite:hmt:venAsign.123	urn:cts:greekLit:tlg0012.tlg001.msA:1.459
urn:cite:hmt:venAsign.124	urn:cts:greekLit:tlg0012.tlg001.msA:1.461
urn:cite:hmt:venAsign.125	urn:cts:greekLit:tlg0012.tlg001.msA:1.467
urn:cite:hmt:venAsign.126	urn:cts:greekLit:tlg0012.tlg001.msA:1.472
urn:cite:hmt:venAsign.127	urn:cts:greekLit:tlg0012.tlg001.msA:1.473
urn:cite:hmt:venAsign.128	urn:cts:greekLit:tlg0012.tlg001.msA:1.474
urn:cite:hmt:venAsign.129	urn:cts:greekLit:tlg0012.tlg001.msA:1.477
urn:cite:hmt:venAsign.130	urn:cts:greekLit:tlg0012.tlg001.msA:1.493
urn:cite:hmt:venAsign.131	urn:cts:greekLit:tlg0012.tlg001.msA:1.497
urn:cite:hmt:venAsign.132	urn:cts:greekLit:tlg0012.tlg001.msA:1.526
urn:cite:hmt:venAsign.133	urn:cts:greekLit:tlg0012.tlg001.msA:1.530
urn:cite:hmt:venAsign.134	urn:cts:greekLit:tlg0012.tlg001.msA:1.564
urn:cite:hmt:venAsign.135	urn:cts:greekLit:tlg0012.tlg001.msA:1.567
urn:cite:hmt:venAsign.136	urn:cts:greekLit:tlg0012.tlg001.msA:1.572
urn:cite:hmt:venAsign.137	urn:cts:greekLit:tlg0012.tlg001.msA:1.578
urn:cite:hmt:venAsign.138	urn:cts:greekLit:tlg0012.tlg001.msA:2.2
urn:cite:hmt:venAsign.139	urn:cts:greekLit:tlg0012.tlg001.msA:2.6
urn:cite:hmt:venAsign.140	urn:cts:greekLit:tlg0012.tlg001.msA:2.8
urn:cite:hmt:venAsign.141	urn:cts:greekLit:tlg0012.tlg001.msA:2.10
urn:cite:hmt:venAsign.142	urn:cts:greekLit:tlg0012.tlg001.msA:2.27
urn:cite:hmt:venAsign.143	urn:cts:greekLit:tlg0012.tlg001.msA:2.27
urn:cite:hmt:venAsign.144	urn:cts:greekLit:tlg0012.tlg001.msA:2.36
urn:cite:hmt:venAsign.145	urn:cts:greekLit:tlg0012.tlg001.msA:2.41
urn:cite:hmt:venAsign.146	urn:cts:greekLit:tlg0012.tlg001.msA:2.45
urn:cite:hmt:venAsign.147	urn:cts:greekLit:tlg0012.tlg001.msA:2.49
urn:cite:hmt:venAsign.148	urn:cts:greekLit:tlg0012.tlg001.msA:2.55
urn:cite:hmt:venAsign.149	urn:cts:greekLit:tlg0012.tlg001.msA:2.56
urn:cite:hmt:venAsign.150	urn:cts:greekLit:tlg0012.tlg001.msA:2.64
urn:cite:hmt:venAsign.151	urn:cts:greekLit:tlg0012.tlg001.msA:2.64
urn:cite:hmt:venAsign.152	urn:cts:greekLit:tlg0012.tlg001.msA:2.70
urn:cite:hmt:venAsign.153	urn:cts:greekLit:tlg0012.tlg001.msA:2.76
urn:cite:hmt:venAsign.154	urn:cts:greekLit:tlg0012.tlg001.msA:2.77
urn:cite:hmt:venAsign.155	urn:cts:greekLit:tlg0012.tlg001.msA:2.78
urn:cite:hmt:venAsign.156	urn:cts:greekLit:tlg0012.tlg001.msA:2.79
urn:cite:hmt:venAsign.157	urn:cts:greekLit:tlg0012.tlg001.msA:2.80
urn:cite:hmt:venAsign.158	urn:cts:greekLit:tlg0012.tlg001.msA:2.81
urn:cite:hmt:venAsign.159	urn:cts:greekLit:tlg0012.tlg001.msA:2.82
urn:cite:hmt:venAsign.160	urn:cts:greekLit:tlg0012.tlg001.msA:2.87
urn:cite:hmt:venAsign.161	urn:cts:greekLit:tlg0012.tlg001.msA:2.89
urn:cite:hmt:venAsign.162	urn:cts:greekLit:tlg0012.tlg001.msA:2.93
urn:cite:hmt:venAsign.163	urn:cts:greekLit:tlg0012.tlg001.msA:2.106
urn:cite:hmt:venAsign.164	urn:cts:greekLit:tlg0012.tlg001.msA:2.107
urn:cite:hmt:venAsign.165	urn:cts:greekLit:tlg0012.tlg001.msA:2.108
urn:cite:hmt:venAsign.166	urn:cts:greekLit:tlg0012.tlg001.msA:2.109
urn:cite:hmt:venAsign.167	urn:cts:greekLit:tlg0012.tlg001.msA:2.110
urn:cite:hmt:venAsign.168	urn:cts:greekLit:tlg0012.tlg001.msA:2.111
urn:cite:hmt:venAsign.169	urn:cts:greekLit:tlg0012.tlg001.msA:2.115
urn:cite:hmt:venAsign.170	urn:cts:greekLit:tlg0012.tlg001.msA:2.116
urn:cite:hmt:venAsign.171	urn:cts:greekLit:tlg0012.tlg001.msA:2.116
urn:cite:hmt:venAsign.172	urn:cts:greekLit:tlg0012.tlg001.msA:2.119
urn:cite:hmt:venAsign.173	urn:cts:greekLit:tlg0012.tlg001.msA:2.122
urn:cite:hmt:venAsign.174	urn:cts:greekLit:tlg0012.tlg001.msA:2.124
urn:cite:hmt:venAsign.175	urn:cts:greekLit:tlg0012.tlg001.msA:2.125
urn:cite:hmt:venAsign.176	urn:cts:greekLit:tlg0012.tlg001.msA:2.130
urn:cite:hmt:venAsign.177	urn:cts:greekLit:tlg0012.tlg001.msA:2.131
urn:cite:hmt:venAsign.178	urn:cts:greekLit:tlg0012.tlg001.msA:2.132
urn:cite:hmt:venAsign.179	urn:cts:greekLit:tlg0012.tlg001.msA:2.133
urn:cite:hmt:venAsign.180	urn:cts:greekLit:tlg0012.tlg001.msA:2.143
urn:cite:hmt:venAsign.181	urn:cts:greekLit:tlg0012.tlg001.msA:2.144
urn:cite:hmt:venAsign.182	urn:cts:greekLit:tlg0012.tlg001.msA:2.148
urn:cite:hmt:venAsign.183	urn:cts:greekLit:tlg0012.tlg001.msA:2.160
urn:cite:hmt:venAsign.184	urn:cts:greekLit:tlg0012.tlg001.msA:2.160
urn:cite:hmt:venAsign.185	urn:cts:greekLit:tlg0012.tlg001.msA:2.161
urn:cite:hmt:venAsign.186	urn:cts:greekLit:tlg0012.tlg001.msA:2.161
urn:cite:hmt:venAsign.187	urn:cts:greekLit:tlg0012.tlg001.msA:2.161
urn:cite:hmt:venAsign.188	urn:cts:greekLit:tlg0012.tlg001.msA:2.162
urn:cite:hmt:venAsign.189	urn:cts:greekLit:tlg0012.tlg001.msA:2.164
urn:cite:hmt:venAsign.190	urn:cts:greekLit:tlg0012.tlg001.msA:2.162
urn:cite:hmt:venAsign.191	urn:cts:greekLit:tlg0012.tlg001.msA:2.164
urn:cite:hmt:venAsign.192	urn:cts:greekLit:tlg0012.tlg001.msA:2.167
urn:cite:hmt:venAsign.193	urn:cts:greekLit:tlg0012.tlg001.msA:2.176
urn:cite:hmt:venAsign.194	urn:cts:greekLit:tlg0012.tlg001.msA:2.177
urn:cite:hmt:venAsign.195	urn:cts:greekLit:tlg0012.tlg001.msA:2.178
urn:cite:hmt:venAsign.196	urn:cts:greekLit:tlg0012.tlg001.msA:2.180
urn:cite:hmt:venAsign.197	urn:cts:greekLit:tlg0012.tlg001.msA:2.184
urn:cite:hmt:venAsign.198	urn:cts:greekLit:tlg0012.tlg001.msA:2.186
urn:cite:hmt:venAsign.199	urn:cts:greekLit:tlg0012.tlg001.msA:2.187
urn:cite:hmt:venAsign.200	urn:cts:greekLit:tlg0012.tlg001.msA:2.188
urn:cite:hmt:venAsign.201	urn:cts:greekLit:tlg0012.tlg001.msA:2.189
urn:cite:hmt:venAsign.202	urn:cts:greekLit:tlg0012.tlg001.msA:2.192
urn:cite:hmt:venAsign.203	urn:cts:greekLit:tlg0012.tlg001.msA:2.193
urn:cite:hmt:venAsign.204	urn:cts:greekLit:tlg0012.tlg001.msA:2.194
urn:cite:hmt:venAsign.205	urn:cts:greekLit:tlg0012.tlg001.msA:2.195
urn:cite:hmt:venAsign.206	urn:cts:greekLit:tlg0012.tlg001.msA:2.196
urn:cite:hmt:venAsign.207	urn:cts:greekLit:tlg0012.tlg001.msA:2.196
urn:cite:hmt:venAsign.208	urn:cts:greekLit:tlg0012.tlg001.msA:2.197
urn:cite:hmt:venAsign.209	urn:cts:greekLit:tlg0012.tlg001.msA:2.203
urn:cite:hmt:venAsign.210	urn:cts:greekLit:tlg0012.tlg001.msA:2.204
urn:cite:hmt:venAsign.211	urn:cts:greekLit:tlg0012.tlg001.msA:2.205
urn:cite:hmt:venAsign.212	urn:cts:greekLit:tlg0012.tlg001.msA:2.217
urn:cite:hmt:venAsign.213	urn:cts:greekLit:tlg0012.tlg001.msA:2.220
urn:cite:hmt:venAsign.214	urn:cts:greekLit:tlg0012.tlg001.msA:2.226
urn:cite:hmt:venAsign.215	urn:cts:greekLit:tlg0012.tlg001.msA:2.227
urn:cite:hmt:venAsign.216	urn:cts:greekLit:tlg0012.tlg001.msA:2.229
urn:cite:hmt:venAsign.217	urn:cts:greekLit:tlg0012.tlg001.msA:2.231
urn:cite:hmt:venAsign.218	urn:cts:greekLit:tlg0012.tlg001.msA:2.238
urn:cite:hmt:venAsign.219	urn:cts:greekLit:tlg0012.tlg001.msA:2.239
urn:cite:hmt:venAsign.220	urn:cts:greekLit:tlg0012.tlg001.msA:2.247
urn:cite:hmt:venAsign.221	urn:cts:greekLit:tlg0012.tlg001.msA:2.252
urn:cite:hmt:venAsign.222	urn:cts:greekLit:tlg0012.tlg001.msA:2.253
urn:cite:hmt:venAsign.223	urn:cts:greekLit:tlg0012.tlg001.msA:2.254
urn:cite:hmt:venAsign.224	urn:cts:greekLit:tlg0012.tlg001.msA:2.255
urn:cite:hmt:venAsign.225	urn:cts:greekLit:tlg0012.tlg001.msA:2.256
urn:cite:hmt:venAsign.226	urn:cts:greekLit:tlg0012.tlg001.msA:2.258
urn:cite:hmt:venAsign.227	urn:cts:greekLit:tlg0012.tlg001.msA:2.260
urn:cite:hmt:venAsign.228	urn:cts:greekLit:tlg0012.tlg001.msA:2.264
urn:cite:hmt:venAsign.229	urn:cts:greekLit:tlg0012.tlg001.msA:2.269
urn:cite:hmt:venAsign.230	urn:cts:greekLit:tlg0012.tlg001.msA:2.276
urn:cite:hmt:venAsign.231	urn:cts:greekLit:tlg0012.tlg001.msA:2.278
urn:cite:hmt:venAsign.232	urn:cts:greekLit:tlg0012.tlg001.msA:2.286
urn:cite:hmt:venAsign.233	urn:cts:greekLit:tlg0012.tlg001.msA:2.291
urn:cite:hmt:venAsign.234	urn:cts:greekLit:tlg0012.tlg001.msA:2.297
urn:cite:hmt:venAsign.235	urn:cts:greekLit:tlg0012.tlg001.msA:2.299
urn:cite:hmt:venAsign.236	urn:cts:greekLit:tlg0012.tlg001.msA:2.300
urn:cite:hmt:venAsign.237	urn:cts:greekLit:tlg0012.tlg001.msA:2.302
urn:cite:hmt:venAsign.238	urn:cts:greekLit:tlg0012.tlg001.msA:2.314
urn:cite:hmt:venAsign.239	urn:cts:greekLit:tlg0012.tlg001.msA:2.318
urn:cite:hmt:venAsign.240	urn:cts:greekLit:tlg0012.tlg001.msA:2.319
urn:cite:hmt:venAsign.241	urn:cts:greekLit:tlg0012.tlg001.msA:2.320
urn:cite:hmt:venAsign.242	urn:cts:greekLit:tlg0012.tlg001.msA:2.328
urn:cite:hmt:venAsign.243	urn:cts:greekLit:tlg0012.tlg001.msA:2.341
urn:cite:hmt:venAsign.244	urn:cts:greekLit:tlg0012.tlg001.msA:2.349
urn:cite:hmt:venAsign.245	urn:cts:greekLit:tlg0012.tlg001.msA:2.353
urn:cite:hmt:venAsign.246	urn:cts:greekLit:tlg0012.tlg001.msA:2.356
urn:cite:hmt:venAsign.247	urn:cts:greekLit:tlg0012.tlg001.msA:2.381
urn:cite:hmt:venAsign.248	urn:cts:greekLit:tlg0012.tlg001.msA:2.385
urn:cite:hmt:venAsign.249	urn:cts:greekLit:tlg0012.tlg001.msA:2.397
urn:cite:hmt:venAsign.250	urn:cts:greekLit:tlg0012.tlg001.msA:2.412
urn:cite:hmt:venAsign.251	urn:cts:greekLit:tlg0012.tlg001.msA:2.417
urn:cite:hmt:venAsign.252	urn:cts:greekLit:tlg0012.tlg001.msA:2.422
urn:cite:hmt:venAsign.253	urn:cts:greekLit:tlg0012.tlg001.msA:2.424
urn:cite:hmt:venAsign.254	urn:cts:greekLit:tlg0012.tlg001.msA:2.435
urn:cite:hmt:venAsign.255	urn:cts:greekLit:tlg0012.tlg001.msA:2.438
urn:cite:hmt:venAsign.256	urn:cts:greekLit:tlg0012.tlg001.msA:2.440
urn:cite:hmt:venAsign.257	urn:cts:greekLit:tlg0012.tlg001.msA:2.453
urn:cite:hmt:venAsign.258	urn:cts:greekLit:tlg0012.tlg001.msA:2.454
urn:cite:hmt:venAsign.259	urn:cts:greekLit:tlg0012.tlg001.msA:2.455
urn:cite:hmt:venAsign.260	urn:cts:greekLit:tlg0012.tlg001.msA:2.480
urn:cite:hmt:venAsign.261	urn:cts:greekLit:tlg0012.tlg001.msA:2.485
urn:cite:hmt:venAsign.262	urn:cts:greekLit:tlg0012.tlg001.msA:2.486
urn:cite:hmt:venAsign.263	urn:cts:greekLit:tlg0012.tlg001.msA:2.498
urn:cite:hmt:venAsign.264	urn:cts:greekLit:tlg0012.tlg001.msA:2.500
urn:cite:hmt:venAsign.265	urn:cts:greekLit:tlg0012.tlg001.msA:2.502
urn:cite:hmt:venAsign.266	urn:cts:greekLit:tlg0012.tlg001.msA:2.507
urn:cite:hmt:venAsign.267	urn:cts:greekLit:tlg0012.tlg001.msA:2.511
urn:cite:hmt:venAsign.268	urn:cts:greekLit:tlg0012.tlg001.msA:2.517
urn:cite:hmt:venAsign.269	urn:cts:greekLit:tlg0012.tlg001.msA:2.520
urn:cite:hmt:venAsign.270	urn:cts:greekLit:tlg0012.tlg001.msA:2.527
urn:cite:hmt:venAsign.271	urn:cts:greekLit:tlg0012.tlg001.msA:2.528
urn:cite:hmt:venAsign.272	urn:cts:greekLit:tlg0012.tlg001.msA:2.529
urn:cite:hmt:venAsign.273	urn:cts:greekLit:tlg0012.tlg001.msA:2.530
urn:cite:hmt:venAsign.274	urn:cts:greekLit:tlg0012.tlg001.msA:2.532
urn:cite:hmt:venAsign.275	urn:cts:greekLit:tlg0012.tlg001.msA:2.547
urn:cite:hmt:venAsign.276	urn:cts:greekLit:tlg0012.tlg001.msA:2.553
urn:cite:hmt:venAsign.277	urn:cts:greekLit:tlg0012.tlg001.msA:2.570
urn:cite:hmt:venAsign.278	urn:cts:greekLit:tlg0012.tlg001.msA:2.571
urn:cite:hmt:venAsign.279	urn:cts:greekLit:tlg0012.tlg001.msA:2.579
urn:cite:hmt:venAsign.280	urn:cts:greekLit:tlg0012.tlg001.msA:2.580
urn:cite:hmt:venAsign.281	urn:cts:greekLit:tlg0012.tlg001.msA:2.581
urn:cite:hmt:venAsign.282	urn:cts:greekLit:tlg0012.tlg001.msA:2.582
urn:cite:hmt:venAsign.283	urn:cts:greekLit:tlg0012.tlg001.msA:2.590
urn:cite:hmt:venAsign.284	urn:cts:greekLit:tlg0012.tlg001.msA:2.592
urn:cite:hmt:venAsign.285	urn:cts:greekLit:tlg0012.tlg001.msA:2.596
urn:cite:hmt:venAsign.286	urn:cts:greekLit:tlg0012.tlg001.msA:2.597
urn:cite:hmt:venAsign.287	urn:cts:greekLit:tlg0012.tlg001.msA:2.599
urn:cite:hmt:venAsign.288	urn:cts:greekLit:tlg0012.tlg001.msA:2.603
urn:cite:hmt:venAsign.289	urn:cts:greekLit:tlg0012.tlg001.msA:2.605
urn:cite:hmt:venAsign.290	urn:cts:greekLit:tlg0012.tlg001.msA:2.612
urn:cite:hmt:venAsign.291	urn:cts:greekLit:tlg0012.tlg001.msA:2.613
urn:cite:hmt:venAsign.292	urn:cts:greekLit:tlg0012.tlg001.msA:2.614
urn:cite:hmt:venAsign.293	urn:cts:greekLit:tlg0012.tlg001.msA:2.616
urn:cite:hmt:venAsign.294	urn:cts:greekLit:tlg0012.tlg001.msA:2.621
urn:cite:hmt:venAsign.295	urn:cts:greekLit:tlg0012.tlg001.msA:2.625
urn:cite:hmt:venAsign.296	urn:cts:greekLit:tlg0012.tlg001.msA:2.626
urn:cite:hmt:venAsign.297	urn:cts:greekLit:tlg0012.tlg001.msA:2.629
urn:cite:hmt:venAsign.298	urn:cts:greekLit:tlg0012.tlg001.msA:2.631
urn:cite:hmt:venAsign.299	urn:cts:greekLit:tlg0012.tlg001.msA:2.634
urn:cite:hmt:venAsign.300	urn:cts:greekLit:tlg0012.tlg001.msA:2.641
urn:cite:hmt:venAsign.301	urn:cts:greekLit:tlg0012.tlg001.msA:2.642
urn:cite:hmt:venAsign.302	urn:cts:greekLit:tlg0012.tlg001.msA:2.649
urn:cite:hmt:venAsign.303	urn:cts:greekLit:tlg0012.tlg001.msA:2.658
urn:cite:hmt:venAsign.304	urn:cts:greekLit:tlg0012.tlg001.msA:2.659
urn:cite:hmt:venAsign.305	urn:cts:greekLit:tlg0012.tlg001.msA:2.667
urn:cite:hmt:venAsign.306	urn:cts:greekLit:tlg0012.tlg001.msA:2.668
urn:cite:hmt:venAsign.307	urn:cts:greekLit:tlg0012.tlg001.msA:2.669
urn:cite:hmt:venAsign.308	urn:cts:greekLit:tlg0012.tlg001.msA:2.670
urn:cite:hmt:venAsign.309	urn:cts:greekLit:tlg0012.tlg001.msA:2.673
urn:cite:hmt:venAsign.310	urn:cts:greekLit:tlg0012.tlg001.msA:2.674
urn:cite:hmt:venAsign.311	urn:cts:greekLit:tlg0012.tlg001.msA:2.675
urn:cite:hmt:venAsign.312	urn:cts:greekLit:tlg0012.tlg001.msA:2.681
urn:cite:hmt:venAsign.313	urn:cts:greekLit:tlg0012.tlg001.msA:2.684
urn:cite:hmt:venAsign.314	urn:cts:greekLit:tlg0012.tlg001.msA:2.689
urn:cite:hmt:venAsign.315	urn:cts:greekLit:tlg0012.tlg001.msA:2.690
urn:cite:hmt:venAsign.316	urn:cts:greekLit:tlg0012.tlg001.msA:2.694
urn:cite:hmt:venAsign.317	urn:cts:greekLit:tlg0012.tlg001.msA:2.696
urn:cite:hmt:venAsign.318	urn:cts:greekLit:tlg0012.tlg001.msA:2.697
urn:cite:hmt:venAsign.319	urn:cts:greekLit:tlg0012.tlg001.msA:2.701
urn:cite:hmt:venAsign.320	urn:cts:greekLit:tlg0012.tlg001.msA:2.718
urn:cite:hmt:venAsign.321	urn:cts:greekLit:tlg0012.tlg001.msA:2.722
urn:cite:hmt:venAsign.322	urn:cts:greekLit:tlg0012.tlg001.msA:2.724
urn:cite:hmt:venAsign.323	urn:cts:greekLit:tlg0012.tlg001.msA:2.725
urn:cite:hmt:venAsign.324	urn:cts:greekLit:tlg0012.tlg001.msA:2.727
urn:cite:hmt:venAsign.325	urn:cts:greekLit:tlg0012.tlg001.msA:2.730
urn:cite:hmt:venAsign.326	urn:cts:greekLit:tlg0012.tlg001.msA:2.741
urn:cite:hmt:venAsign.327	urn:cts:greekLit:tlg0012.tlg001.msA:2.742
urn:cite:hmt:venAsign.328	urn:cts:greekLit:tlg0012.tlg001.msA:2.745
urn:cite:hmt:venAsign.329	urn:cts:greekLit:tlg0012.tlg001.msA:2.763
urn:cite:hmt:venAsign.330	urn:cts:greekLit:tlg0012.tlg001.msA:2.767
urn:cite:hmt:venAsign.331	urn:cts:greekLit:tlg0012.tlg001.msA:2.791
urn:cite:hmt:venAsign.332	urn:cts:greekLit:tlg0012.tlg001.msA:2.792
urn:cite:hmt:venAsign.333	urn:cts:greekLit:tlg0012.tlg001.msA:2.793
urn:cite:hmt:venAsign.334	urn:cts:greekLit:tlg0012.tlg001.msA:2.794
urn:cite:hmt:venAsign.335	urn:cts:greekLit:tlg0012.tlg001.msA:2.795
urn:cite:hmt:venAsign.336	urn:cts:greekLit:tlg0012.tlg001.msA:2.801
urn:cite:hmt:venAsign.337	urn:cts:greekLit:tlg0012.tlg001.msA:2.802
urn:cite:hmt:venAsign.338	urn:cts:greekLit:tlg0012.tlg001.msA:2.807
urn:cite:hmt:venAsign.339	urn:cts:greekLit:tlg0012.tlg001.msA:2.809
urn:cite:hmt:venAsign.340	urn:cts:greekLit:tlg0012.tlg001.msA:2.819
urn:cite:hmt:venAsign.341	urn:cts:greekLit:tlg0012.tlg001.msA:2.820
urn:cite:hmt:venAsign.342	urn:cts:greekLit:tlg0012.tlg001.msA:2.827
urn:cite:hmt:venAsign.343	urn:cts:greekLit:tlg0012.tlg001.msA:2.837
urn:cite:hmt:venAsign.344	urn:cts:greekLit:tlg0012.tlg001.msA:2.838
urn:cite:hmt:venAsign.345	urn:cts:greekLit:tlg0012.tlg001.msA:2.839
urn:cite:hmt:venAsign.346	urn:cts:greekLit:tlg0012.tlg001.msA:2.850
urn:cite:hmt:venAsign.347	urn:cts:greekLit:tlg0012.tlg001.msA:2.851
urn:cite:hmt:venAsign.348	urn:cts:greekLit:tlg0012.tlg001.msA:2.852
urn:cite:hmt:venAsign.349	urn:cts:greekLit:tlg0012.tlg001.msA:2.856
urn:cite:hmt:venAsign.350	urn:cts:greekLit:tlg0012.tlg001.msA:2.860
urn:cite:hmt:venAsign.351	urn:cts:greekLit:tlg0012.tlg001.msA:2.861
urn:cite:hmt:venAsign.352	urn:cts:greekLit:tlg0012.tlg001.msA:2.863
urn:cite:hmt:venAsign.353	urn:cts:greekLit:tlg0012.tlg001.msA:2.867
urn:cite:hmt:venAsign.354	urn:cts:greekLit:tlg0012.tlg001.msA:2.871
urn:cite:hmt:venAsign.355	urn:cts:greekLit:tlg0012.tlg001.msA:2.872
urn:cite:hmt:venAsign.356	urn:cts:greekLit:tlg0012.tlg001.msA:2.874
urn:cite:hmt:venAsign.357	urn:cts:greekLit:tlg0012.tlg001.msA:2.875
urn:cite:hmt:venAsign.358	urn:cts:greekLit:tlg0012.tlg001.msA:3.3
urn:cite:hmt:venAsign.359	urn:cts:greekLit:tlg0012.tlg001.msA:3.4
urn:cite:hmt:venAsign.360	urn:cts:greekLit:tlg0012.tlg001.msA:3.5
urn:cite:hmt:venAsign.361	urn:cts:greekLit:tlg0012.tlg001.msA:3.6
urn:cite:hmt:venAsign.362	urn:cts:greekLit:tlg0012.tlg001.msA:3.10
urn:cite:hmt:venAsign.363	urn:cts:greekLit:tlg0012.tlg001.msA:3.11
urn:cite:hmt:venAsign.364	urn:cts:greekLit:tlg0012.tlg001.msA:3.13
urn:cite:hmt:venAsign.365	urn:cts:greekLit:tlg0012.tlg001.msA:3.18
urn:cite:hmt:venAsign.366	urn:cts:greekLit:tlg0012.tlg001.msA:3.19
urn:cite:hmt:venAsign.367	urn:cts:greekLit:tlg0012.tlg001.msA:3.20
urn:cite:hmt:venAsign.368	urn:cts:greekLit:tlg0012.tlg001.msA:3.25
urn:cite:hmt:venAsign.369	urn:cts:greekLit:tlg0012.tlg001.msA:3.28
urn:cite:hmt:venAsign.370	urn:cts:greekLit:tlg0012.tlg001.msA:3.31
urn:cite:hmt:venAsign.371	urn:cts:greekLit:tlg0012.tlg001.msA:3.36
urn:cite:hmt:venAsign.372	urn:cts:greekLit:tlg0012.tlg001.msA:3.44
urn:cite:hmt:venAsign.373	urn:cts:greekLit:tlg0012.tlg001.msA:3.48
urn:cite:hmt:venAsign.374	urn:cts:greekLit:tlg0012.tlg001.msA:3.49
urn:cite:hmt:venAsign.375	urn:cts:greekLit:tlg0012.tlg001.msA:3.54
urn:cite:hmt:venAsign.376	urn:cts:greekLit:tlg0012.tlg001.msA:3.56
urn:cite:hmt:venAsign.377	urn:cts:greekLit:tlg0012.tlg001.msA:3.65
urn:cite:hmt:venAsign.378	urn:cts:greekLit:tlg0012.tlg001.msA:3.71
urn:cite:hmt:venAsign.379	urn:cts:greekLit:tlg0012.tlg001.msA:3.74
urn:cite:hmt:venAsign.380	urn:cts:greekLit:tlg0012.tlg001.msA:3.80
urn:cite:hmt:venAsign.381	urn:cts:greekLit:tlg0012.tlg001.msA:3.82
urn:cite:hmt:venAsign.382	urn:cts:greekLit:tlg0012.tlg001.msA:3.83
urn:cite:hmt:venAsign.383	urn:cts:greekLit:tlg0012.tlg001.msA:3.92
urn:cite:hmt:venAsign.384	urn:cts:greekLit:tlg0012.tlg001.msA:3.99
urn:cite:hmt:venAsign.385	urn:cts:greekLit:tlg0012.tlg001.msA:3.100
urn:cite:hmt:venAsign.386	urn:cts:greekLit:tlg0012.tlg001.msA:3.103
urn:cite:hmt:venAsign.387	urn:cts:greekLit:tlg0012.tlg001.msA:3.104
urn:cite:hmt:venAsign.388	urn:cts:greekLit:tlg0012.tlg001.msA:3.105
urn:cite:hmt:venAsign.389	urn:cts:greekLit:tlg0012.tlg001.msA:3.108
urn:cite:hmt:venAsign.390	urn:cts:greekLit:tlg0012.tlg001.msA:3.109
urn:cite:hmt:venAsign.391	urn:cts:greekLit:tlg0012.tlg001.msA:3.110
urn:cite:hmt:venAsign.392	urn:cts:greekLit:tlg0012.tlg001.msA:3.122
urn:cite:hmt:venAsign.393	urn:cts:greekLit:tlg0012.tlg001.msA:3.126
urn:cite:hmt:venAsign.394	urn:cts:greekLit:tlg0012.tlg001.msA:3.138
urn:cite:hmt:venAsign.395	urn:cts:greekLit:tlg0012.tlg001.msA:3.144
urn:cite:hmt:venAsign.396	urn:cts:greekLit:tlg0012.tlg001.msA:3.144
urn:cite:hmt:venAsign.397	urn:cts:greekLit:tlg0012.tlg001.msA:3.152
urn:cite:hmt:venAsign.398	urn:cts:greekLit:tlg0012.tlg001.msA:3.155
urn:cite:hmt:venAsign.399	urn:cts:greekLit:tlg0012.tlg001.msA:3.163
urn:cite:hmt:venAsign.400	urn:cts:greekLit:tlg0012.tlg001.msA:3.184
urn:cite:hmt:venAsign.401	urn:cts:greekLit:tlg0012.tlg001.msA:3.205
urn:cite:hmt:venAsign.402	urn:cts:greekLit:tlg0012.tlg001.msA:3.206
urn:cite:hmt:venAsign.403	urn:cts:greekLit:tlg0012.tlg001.msA:3.207
urn:cite:hmt:venAsign.404	urn:cts:greekLit:tlg0012.tlg001.msA:3.211
urn:cite:hmt:venAsign.405	urn:cts:greekLit:tlg0012.tlg001.msA:3.219
urn:cite:hmt:venAsign.406	urn:cts:greekLit:tlg0012.tlg001.msA:3.224
urn:cite:hmt:venAsign.407	urn:cts:greekLit:tlg0012.tlg001.msA:3.230
urn:cite:hmt:venAsign.408	urn:cts:greekLit:tlg0012.tlg001.msA:3.244
urn:cite:hmt:venAsign.409	urn:cts:greekLit:tlg0012.tlg001.msA:3.250
urn:cite:hmt:venAsign.410	urn:cts:greekLit:tlg0012.tlg001.msA:3.257
urn:cite:hmt:venAsign.411	urn:cts:greekLit:tlg0012.tlg001.msA:3.261
urn:cite:hmt:venAsign.412	urn:cts:greekLit:tlg0012.tlg001.msA:3.263
urn:cite:hmt:venAsign.413	urn:cts:greekLit:tlg0012.tlg001.msA:3.270
urn:cite:hmt:venAsign.414	urn:cts:greekLit:tlg0012.tlg001.msA:3.271
urn:cite:hmt:venAsign.415	urn:cts:greekLit:tlg0012.tlg001.msA:3.273
urn:cite:hmt:venAsign.416	urn:cts:greekLit:tlg0012.tlg001.msA:3.276
urn:cite:hmt:venAsign.417	urn:cts:greekLit:tlg0012.tlg001.msA:3.277
urn:cite:hmt:venAsign.418	urn:cts:greekLit:tlg0012.tlg001.msA:3.278
urn:cite:hmt:venAsign.419	urn:cts:greekLit:tlg0012.tlg001.msA:3.279
urn:cite:hmt:venAsign.420	urn:cts:greekLit:tlg0012.tlg001.msA:3.280
urn:cite:hmt:venAsign.421	urn:cts:greekLit:tlg0012.tlg001.msA:3.286
urn:cite:hmt:venAsign.422	urn:cts:greekLit:tlg0012.tlg001.msA:3.297
urn:cite:hmt:venAsign.423	urn:cts:greekLit:tlg0012.tlg001.msA:3.305
urn:cite:hmt:venAsign.424	urn:cts:greekLit:tlg0012.tlg001.msA:3.325
urn:cite:hmt:venAsign.425	urn:cts:greekLit:tlg0012.tlg001.msA:3.333
urn:cite:hmt:venAsign.426	urn:cts:greekLit:tlg0012.tlg001.msA:3.334
urn:cite:hmt:venAsign.427	urn:cts:greekLit:tlg0012.tlg001.msA:3.335
urn:cite:hmt:venAsign.428	urn:cts:greekLit:tlg0012.tlg001.msA:3.339
urn:cite:hmt:venAsign.429	urn:cts:greekLit:tlg0012.tlg001.msA:3.352
urn:cite:hmt:venAsign.430	urn:cts:greekLit:tlg0012.tlg001.msA:3.354
urn:cite:hmt:venAsign.431	urn:cts:greekLit:tlg0012.tlg001.msA:3.361
urn:cite:hmt:venAsign.432	urn:cts:greekLit:tlg0012.tlg001.msA:3.364
urn:cite:hmt:venAsign.433	urn:cts:greekLit:tlg0012.tlg001.msA:3.368
urn:cite:hmt:venAsign.434	urn:cts:greekLit:tlg0012.tlg001.msA:3.380
urn:cite:hmt:venAsign.435	urn:cts:greekLit:tlg0012.tlg001.msA:3.391
urn:cite:hmt:venAsign.436	urn:cts:greekLit:tlg0012.tlg001.msA:3.392
urn:cite:hmt:venAsign.437	urn:cts:greekLit:tlg0012.tlg001.msA:3.395
urn:cite:hmt:venAsign.438	urn:cts:greekLit:tlg0012.tlg001.msA:3.396
urn:cite:hmt:venAsign.439	urn:cts:greekLit:tlg0012.tlg001.msA:3.397
urn:cite:hmt:venAsign.440	urn:cts:greekLit:tlg0012.tlg001.msA:3.398
urn:cite:hmt:venAsign.441	urn:cts:greekLit:tlg0012.tlg001.msA:3.399
urn:cite:hmt:venAsign.442	urn:cts:greekLit:tlg0012.tlg001.msA:3.400
urn:cite:hmt:venAsign.443	urn:cts:greekLit:tlg0012.tlg001.msA:3.401
urn:cite:hmt:venAsign.444	urn:cts:greekLit:tlg0012.tlg001.msA:3.402
urn:cite:hmt:venAsign.445	urn:cts:greekLit:tlg0012.tlg001.msA:3.403
urn:cite:hmt:venAsign.446	urn:cts:greekLit:tlg0012.tlg001.msA:3.404
urn:cite:hmt:venAsign.447	urn:cts:greekLit:tlg0012.tlg001.msA:3.405
urn:cite:hmt:venAsign.448	urn:cts:greekLit:tlg0012.tlg001.msA:3.406
urn:cite:hmt:venAsign.449	urn:cts:greekLit:tlg0012.tlg001.msA:3.407
urn:cite:hmt:venAsign.450	urn:cts:greekLit:tlg0012.tlg001.msA:3.408
urn:cite:hmt:venAsign.451	urn:cts:greekLit:tlg0012.tlg001.msA:3.409
urn:cite:hmt:venAsign.452	urn:cts:greekLit:tlg0012.tlg001.msA:3.410
urn:cite:hmt:venAsign.453	urn:cts:greekLit:tlg0012.tlg001.msA:3.411
urn:cite:hmt:venAsign.454	urn:cts:greekLit:tlg0012.tlg001.msA:3.412
urn:cite:hmt:venAsign.455	urn:cts:greekLit:tlg0012.tlg001.msA:3.413
urn:cite:hmt:venAsign.456	urn:cts:greekLit:tlg0012.tlg001.msA:3.414
urn:cite:hmt:venAsign.457	urn:cts:greekLit:tlg0012.tlg001.msA:3.415
urn:cite:hmt:venAsign.458	urn:cts:greekLit:tlg0012.tlg001.msA:3.416
urn:cite:hmt:venAsign.459	urn:cts:greekLit:tlg0012.tlg001.msA:3.417
urn:cite:hmt:venAsign.460	urn:cts:greekLit:tlg0012.tlg001.msA:3.418
urn:cite:hmt:venAsign.461	urn:cts:greekLit:tlg0012.tlg001.msA:3.423
urn:cite:hmt:venAsign.462	urn:cts:greekLit:tlg0012.tlg001.msA:3.424
urn:cite:hmt:venAsign.463	urn:cts:greekLit:tlg0012.tlg001.msA:3.425
urn:cite:hmt:venAsign.464	urn:cts:greekLit:tlg0012.tlg001.msA:3.426
urn:cite:hmt:venAsign.465	urn:cts:greekLit:tlg0012.tlg001.msA:3.432
urn:cite:hmt:venAsign.466	urn:cts:greekLit:tlg0012.tlg001.msA:3.433
urn:cite:hmt:venAsign.467	urn:cts:greekLit:tlg0012.tlg001.msA:3.434
urn:cite:hmt:venAsign.468	urn:cts:greekLit:tlg0012.tlg001.msA:3.435
urn:cite:hmt:venAsign.469	urn:cts:greekLit:tlg0012.tlg001.msA:3.436
urn:cite:hmt:venAsign.470	urn:cts:greekLit:tlg0012.tlg001.msA:3.445
urn:cite:hmt:venAsign.471	urn:cts:greekLit:tlg0012.tlg001.msA:3.459
urn:cite:hmt:venAsign.472	urn:cts:greekLit:tlg0012.tlg001.msA:3.460
