urn:cite:hmt:msA.insidefrontcover,urn:cite:hmt:vaimg.VAMSInside_front_cover_versoN_0500
urn:cite:hmt:msA.ir,urn:cite:hmt:vaimg.VAMSFolio_i_rectoN_0001
urn:cite:hmt:msA.iv,urn:cite:hmt:vaimg.VAMSFlyleaf_i_versoN_0501
urn:cite:hmt:msA.1r,urn:cite:hmt:vaimg.VA001RN_0002
urn:cite:hmt:msA.1v,urn:cite:hmt:vaimg.VA001VN_0503
urn:cite:hmt:msA.2r,urn:cite:hmt:vaimg.VA002RN_0003
urn:cite:hmt:msA.2v,urn:cite:hmt:vaimg.VA002VN_0504
urn:cite:hmt:msA.3r,urn:cite:hmt:vaimg.VA003RN_0004
urn:cite:hmt:msA.3v,urn:cite:hmt:vaimg.VA003VN_0505
urn:cite:hmt:msA.4r,urn:cite:hmt:vaimg.VA004RN_0005
urn:cite:hmt:msA.4v,urn:cite:hmt:vaimg.VA004VN_0506
urn:cite:hmt:msA.5r,urn:cite:hmt:vaimg.VA005RN_0006
urn:cite:hmt:msA.5v,urn:cite:hmt:vaimg.VA005VN_0507
urn:cite:hmt:msA.6r,urn:cite:hmt:vaimg.VA006RN_0007
urn:cite:hmt:msA.6v,urn:cite:hmt:vaimg.VA006VN_0508
urn:cite:hmt:msA.7r,urn:cite:hmt:vaimg.VA007RN_0008
urn:cite:hmt:msA.7v,urn:cite:hmt:vaimg.VA007VN_0509
urn:cite:hmt:msA.8r,urn:cite:hmt:vaimg.VA008RN_0009
urn:cite:hmt:msA.8v,urn:cite:hmt:vaimg.VA008VN_0510
urn:cite:hmt:msA.9r,urn:cite:hmt:vaimg.VA009RN_0010
urn:cite:hmt:msA.9v,urn:cite:hmt:vaimg.VA009VN_0511
urn:cite:hmt:msA.10r,urn:cite:hmt:vaimg.VA010RN_0011
urn:cite:hmt:msA.10v,urn:cite:hmt:vaimg.VA010VN_0512
urn:cite:hmt:msA.11r,urn:cite:hmt:vaimg.VA011RN_0012
urn:cite:hmt:msA.11v,urn:cite:hmt:vaimg.VA011VN_0513
urn:cite:hmt:msA.12r,urn:cite:hmt:vaimg.VA012RN_0013
urn:cite:hmt:msA.12v,urn:cite:hmt:vaimg.VA012VN_0514
urn:cite:hmt:msA.13r,urn:cite:hmt:vaimg.VA013RN_0014
urn:cite:hmt:msA.13v,urn:cite:hmt:vaimg.VA013VN_0515
urn:cite:hmt:msA.14r,urn:cite:hmt:vaimg.VA014RN_0015
urn:cite:hmt:msA.14v,urn:cite:hmt:vaimg.VA014VN_0516
urn:cite:hmt:msA.15r,urn:cite:hmt:vaimg.VA015RN_0016
urn:cite:hmt:msA.15v,urn:cite:hmt:vaimg.VA015VN_0517
urn:cite:hmt:msA.16r,urn:cite:hmt:vaimg.VA016RN_0017
urn:cite:hmt:msA.16v,urn:cite:hmt:vaimg.VA016VN_0518
urn:cite:hmt:msA.17r,urn:cite:hmt:vaimg.VA017RN_0018
urn:cite:hmt:msA.17v,urn:cite:hmt:vaimg.VA017VN_0519
urn:cite:hmt:msA.18r,urn:cite:hmt:vaimg.VA018RN_0019
urn:cite:hmt:msA.18v,urn:cite:hmt:vaimg.VA018VN_0520
urn:cite:hmt:msA.19r,urn:cite:hmt:vaimg.VA019RN_0020
urn:cite:hmt:msA.19v,urn:cite:hmt:vaimg.VA019VN_0521
urn:cite:hmt:msA.20r,urn:cite:hmt:vaimg.VA020RN_0021
urn:cite:hmt:msA.20v,urn:cite:hmt:vaimg.VA020VN_0522
urn:cite:hmt:msA.21r,urn:cite:hmt:vaimg.VA021RN_0022
urn:cite:hmt:msA.21v,urn:cite:hmt:vaimg.VA021VN_0523
urn:cite:hmt:msA.22r,urn:cite:hmt:vaimg.VA022RN_0023
urn:cite:hmt:msA.22v,urn:cite:hmt:vaimg.VA022VN_0524
urn:cite:hmt:msA.23r,urn:cite:hmt:vaimg.VA023RN_0024
urn:cite:hmt:msA.23v,urn:cite:hmt:vaimg.VA023VN_0525
urn:cite:hmt:msA.24r,urn:cite:hmt:vaimg.VA024RN_0025
urn:cite:hmt:msA.24v,urn:cite:hmt:vaimg.VA024VN_0526
urn:cite:hmt:msA.25r,urn:cite:hmt:vaimg.VA025RN_0026
urn:cite:hmt:msA.25v,urn:cite:hmt:vaimg.VA025VN_0527
urn:cite:hmt:msA.26r,urn:cite:hmt:vaimg.VA026RN_0027
urn:cite:hmt:msA.26v,urn:cite:hmt:vaimg.VA026VN_0528
urn:cite:hmt:msA.27r,urn:cite:hmt:vaimg.VA027RN_0028
urn:cite:hmt:msA.27v,urn:cite:hmt:vaimg.VA027VN_0529
urn:cite:hmt:msA.28r,urn:cite:hmt:vaimg.VA028RN_0029
urn:cite:hmt:msA.28v,urn:cite:hmt:vaimg.VA028VN_0530
urn:cite:hmt:msA.29r,urn:cite:hmt:vaimg.VA029RN_0030
urn:cite:hmt:msA.29v,urn:cite:hmt:vaimg.VA029VN_0531
urn:cite:hmt:msA.30r,urn:cite:hmt:vaimg.VA030RN_0031
urn:cite:hmt:msA.30v,urn:cite:hmt:vaimg.VA030VN_0532
urn:cite:hmt:msA.31r,urn:cite:hmt:vaimg.VA031RN_0032
urn:cite:hmt:msA.31v,urn:cite:hmt:vaimg.VA031VN_0533
urn:cite:hmt:msA.32r,urn:cite:hmt:vaimg.VA032RN_0033
urn:cite:hmt:msA.32v,urn:cite:hmt:vaimg.VA032VN_0534
urn:cite:hmt:msA.33r,urn:cite:hmt:vaimg.VA033RN_0034
urn:cite:hmt:msA.33v,urn:cite:hmt:vaimg.VA033VN_0535
urn:cite:hmt:msA.34r,urn:cite:hmt:vaimg.VA034RN_0035
urn:cite:hmt:msA.34v,urn:cite:hmt:vaimg.VA034VN_0536
urn:cite:hmt:msA.35r,urn:cite:hmt:vaimg.VA035RN_0036
urn:cite:hmt:msA.35v,urn:cite:hmt:vaimg.VA035VN_0537
urn:cite:hmt:msA.36r,urn:cite:hmt:vaimg.VA036RN_0037
urn:cite:hmt:msA.36v,urn:cite:hmt:vaimg.VA036VN_0538
urn:cite:hmt:msA.37r,urn:cite:hmt:vaimg.VA037RN_0038
urn:cite:hmt:msA.37v,urn:cite:hmt:vaimg.VA037VN_0539
urn:cite:hmt:msA.38r,urn:cite:hmt:vaimg.VA038RN_0039
urn:cite:hmt:msA.38v,urn:cite:hmt:vaimg.VA038VN_0540
urn:cite:hmt:msA.39r,urn:cite:hmt:vaimg.VA039RN_0040
urn:cite:hmt:msA.39v,urn:cite:hmt:vaimg.VA039VN_0541
urn:cite:hmt:msA.40r,urn:cite:hmt:vaimg.VA040RN_0041
urn:cite:hmt:msA.40v,urn:cite:hmt:vaimg.VA040VN_0542
urn:cite:hmt:msA.41r,urn:cite:hmt:vaimg.VA041RN_0042
urn:cite:hmt:msA.41v,urn:cite:hmt:vaimg.VA041VN_0543
urn:cite:hmt:msA.42r,urn:cite:hmt:vaimg.VA042RN_0043
urn:cite:hmt:msA.42v,urn:cite:hmt:vaimg.VA042VN_0544
urn:cite:hmt:msA.43r,urn:cite:hmt:vaimg.VA043RN_0044
urn:cite:hmt:msA.43v,urn:cite:hmt:vaimg.VA043VN_0545
urn:cite:hmt:msA.44r,urn:cite:hmt:vaimg.VA044RN_0045
urn:cite:hmt:msA.44v,urn:cite:hmt:vaimg.VA044VN_0546
urn:cite:hmt:msA.45r,urn:cite:hmt:vaimg.VA045RN_0046
urn:cite:hmt:msA.45v,urn:cite:hmt:vaimg.VA045VN_0547
urn:cite:hmt:msA.46r,urn:cite:hmt:vaimg.VA046RN_0047
urn:cite:hmt:msA.46v,urn:cite:hmt:vaimg.VA046VN_0548
urn:cite:hmt:msA.47r,urn:cite:hmt:vaimg.VA047RN_0048
urn:cite:hmt:msA.47v,urn:cite:hmt:vaimg.VA047VN_0549
urn:cite:hmt:msA.48r,urn:cite:hmt:vaimg.VA048RN_0049
urn:cite:hmt:msA.48v,urn:cite:hmt:vaimg.VA048VN_0550
urn:cite:hmt:msA.49r,urn:cite:hmt:vaimg.VA049RN_0050
urn:cite:hmt:msA.49v,urn:cite:hmt:vaimg.VA049VN_0551
urn:cite:hmt:msA.50r,urn:cite:hmt:vaimg.VA050RN_0051
urn:cite:hmt:msA.50v,urn:cite:hmt:vaimg.VA050VN_0552
urn:cite:hmt:msA.51r,urn:cite:hmt:vaimg.VA051RN_0052
