OccurrrenceUrn	Sequence	CriticalSign	TextPassage
urn:cite:hmt:venAsign.1	1	urn:cite:hmt:critsigns.diple	urn:cts:greekLit:tlg0012.tlg001.msA:1.2
urn:cite:hmt:venAsign.2	2	urn:cite:hmt:critsigns.diple	urn:cts:greekLit:tlg0012.tlg001.msA:1.3
urn:cite:hmt:venAsign.3	3	urn:cite:hmt:critsigns.dotteddiple	urn:cts:greekLit:tlg0012.tlg001.msA:1.5
urn:cite:hmt:venAsign.4	4	urn:cite:hmt:critsigns.dotteddiple	urn:cts:greekLit:tlg0012.tlg001.msA:1.7
urn:cite:hmt:venAsign.5	5	urn:cite:hmt:critsigns.asterisk	urn:cts:greekLit:tlg0012.tlg001.msA:1.12
urn:cite:hmt:venAsign.6	6	urn:cite:hmt:critsigns.asterisk	urn:cts:greekLit:tlg0012.tlg001.msA:1.13
urn:cite:hmt:venAsign.7	7	urn:cite:hmt:critsigns.asterisk	urn:cts:greekLit:tlg0012.tlg001.msA:1.14
urn:cite:hmt:venAsign.8	8	urn:cite:hmt:critsigns.asterisk	urn:cts:greekLit:tlg0012.tlg001.msA:1.15
urn:cite:hmt:venAsign.9	9	urn:cite:hmt:critsigns.dotteddiple	urn:cts:greekLit:tlg0012.tlg001.msA:1.16
urn:cite:hmt:venAsign.10	10	urn:cite:hmt:critsigns.diple	urn:cts:greekLit:tlg0012.tlg001.msA:1.17
urn:cite:hmt:venAsign.11	11	urn:cite:hmt:critsigns.diple	urn:cts:greekLit:tlg0012.tlg001.msA:1.26
urn:cite:hmt:venAsign.12	12	urn:cite:hmt:critsigns.obelos	urn:cts:greekLit:tlg0012.tlg001.msA:1.29
urn:cite:hmt:venAsign.13	13	urn:cite:hmt:critsigns.obelos	urn:cts:greekLit:tlg0012.tlg001.msA:1.30
urn:cite:hmt:venAsign.14	14	urn:cite:hmt:critsigns.obelos	urn:cts:greekLit:tlg0012.tlg001.msA:1.31
urn:cite:hmt:venAsign.15	15	urn:cite:hmt:critsigns.dotteddiple	urn:cts:greekLit:tlg0012.tlg001.msA:1.42
urn:cite:hmt:venAsign.16	16	urn:cite:hmt:critsigns.diple	urn:cts:greekLit:tlg0012.tlg001.msA:1.51
urn:cite:hmt:venAsign.17	17	urn:cite:hmt:critsigns.diple	urn:cts:greekLit:tlg0012.tlg001.msA:1.52
urn:cite:hmt:venAsign.18	18	urn:cite:hmt:critsigns.dotteddiple	urn:cts:greekLit:tlg0012.tlg001.msA:1.56
urn:cite:hmt:venAsign.19	19	urn:cite:hmt:critsigns.dotteddiple	urn:cts:greekLit:tlg0012.tlg001.msA:1.58
urn:cite:hmt:venAsign.20	20	urn:cite:hmt:critsigns.dotteddiple	urn:cts:greekLit:tlg0012.tlg001.msA:1.59
urn:cite:hmt:venAsign.21	21	urn:cite:hmt:critsigns.dotteddiple	urn:cts:greekLit:tlg0012.tlg001.msA:1.60
urn:cite:hmt:venAsign.22	22	urn:cite:hmt:critsigns.diple	urn:cts:greekLit:tlg0012.tlg001.msA:1.62
urn:cite:hmt:venAsign.23	23	urn:cite:hmt:critsigns.dotteddiple	urn:cts:greekLit:tlg0012.tlg001.msA:1.65
urn:cite:hmt:venAsign.24	24	urn:cite:hmt:critsigns.diple	urn:cts:greekLit:tlg0012.tlg001.msA:1.68
urn:cite:hmt:venAsign.25	25	urn:cite:hmt:critsigns.dotteddiple	urn:cts:greekLit:tlg0012.tlg001.msA:1.69
urn:cite:hmt:venAsign.26	26	urn:cite:hmt:critsigns.dotteddiple	urn:cts:greekLit:tlg0012.tlg001.msA:1.73
urn:cite:hmt:venAsign.27	27	urn:cite:hmt:critsigns.dotteddiple	urn:cts:greekLit:tlg0012.tlg001.msA:1.80
urn:cite:hmt:venAsign.28	28	urn:cite:hmt:critsigns.dotteddiple	urn:cts:greekLit:tlg0012.tlg001.msA:1.93
urn:cite:hmt:venAsign.29	29	urn:cite:hmt:critsigns.obelos	urn:cts:greekLit:tlg0012.tlg001.msA:1.96
urn:cite:hmt:venAsign.30	30	urn:cite:hmt:critsigns.dotteddiple	urn:cts:greekLit:tlg0012.tlg001.msA:1.100
urn:cite:hmt:venAsign.31	31	urn:cite:hmt:critsigns.asterisk	urn:cts:greekLit:tlg0012.tlg001.msA:1.103
urn:cite:hmt:venAsign.32	32	urn:cite:hmt:critsigns.asterisk	urn:cts:greekLit:tlg0012.tlg001.msA:1.104
urn:cite:hmt:venAsign.33	33	urn:cite:hmt:critsigns.obelos	urn:cts:greekLit:tlg0012.tlg001.msA:1.110
urn:cite:hmt:venAsign.34	34	urn:cite:hmt:critsigns.obelos	urn:cts:greekLit:tlg0012.tlg001.msA:1.133
urn:cite:hmt:venAsign.35	35	urn:cite:hmt:critsigns.obelos	urn:cts:greekLit:tlg0012.tlg001.msA:1.139
urn:cite:hmt:venAsign.36	36	urn:cite:hmt:critsigns.dotteddiple	urn:cts:greekLit:tlg0012.tlg001.msA:1.148
urn:cite:hmt:venAsign.37	37	urn:cite:hmt:critsigns.diple	urn:cts:greekLit:tlg0012.tlg001.msA:1.175
urn:cite:hmt:venAsign.38	38	urn:cite:hmt:critsigns.asterisk	urn:cts:greekLit:tlg0012.tlg001.msA:1.177
urn:cite:hmt:venAsign.39	39	urn:cite:hmt:critsigns.dotteddiple	urn:cts:greekLit:tlg0012.tlg001.msA:1.184
urn:cite:hmt:venAsign.40	40	urn:cite:hmt:critsigns.diple	urn:cts:greekLit:tlg0012.tlg001.msA:1.189
urn:cite:hmt:venAsign.41	41	urn:cite:hmt:critsigns.obelos	urn:cts:greekLit:tlg0012.tlg001.msA:1.192
urn:cite:hmt:venAsign.42	42	urn:cite:hmt:critsigns.dotteddiple	urn:cts:greekLit:tlg0012.tlg001.msA:1.194
urn:cite:hmt:venAsign.43	43	urn:cite:hmt:critsigns.obelos	urn:cts:greekLit:tlg0012.tlg001.msA:1.195
urn:cite:hmt:venAsign.44	44	urn:cite:hmt:critsigns.obelos	urn:cts:greekLit:tlg0012.tlg001.msA:1.196
urn:cite:hmt:venAsign.45	45	urn:cite:hmt:critsigns.asterisk	urn:cts:greekLit:tlg0012.tlg001.msA:1.196
urn:cite:hmt:venAsign.46	46	urn:cite:hmt:critsigns.dotteddiple	urn:cts:greekLit:tlg0012.tlg001.msA:1.198
urn:cite:hmt:venAsign.47	47	urn:cite:hmt:critsigns.diple	urn:cts:greekLit:tlg0012.tlg001.msA:1.200
urn:cite:hmt:venAsign.48	48	urn:cite:hmt:critsigns.dotteddiple	urn:cts:greekLit:tlg0012.tlg001.msA:1.203
urn:cite:hmt:venAsign.49	49	urn:cite:hmt:critsigns.dotteddiple	urn:cts:greekLit:tlg0012.tlg001.msA:1.204
urn:cite:hmt:venAsign.50	50	urn:cite:hmt:critsigns.asterisk	urn:cts:greekLit:tlg0012.tlg001.msA:1.208
urn:cite:hmt:venAsign.51	51	urn:cite:hmt:critsigns.dotteddiple	urn:cts:greekLit:tlg0012.tlg001.msA:1.208
urn:cite:hmt:venAsign.52	52	urn:cite:hmt:critsigns.asterisk	urn:cts:greekLit:tlg0012.tlg001.msA:1.209
urn:cite:hmt:venAsign.53	53	urn:cite:hmt:critsigns.dotteddiple	urn:cts:greekLit:tlg0012.tlg001.msA:1.209
urn:cite:hmt:venAsign.54	54	urn:cite:hmt:critsigns.dotteddiple	urn:cts:greekLit:tlg0012.tlg001.msA:1.249
urn:cite:hmt:venAsign.55	55	urn:cite:hmt:critsigns.dotteddiple	urn:cts:greekLit:tlg0012.tlg001.msA:1.251
urn:cite:hmt:venAsign.56	56	urn:cite:hmt:critsigns.dotteddiple	urn:cts:greekLit:tlg0012.tlg001.msA:1.260
urn:cite:hmt:venAsign.57	57	urn:cite:hmt:critsigns.dotteddiple	urn:cts:greekLit:tlg0012.tlg001.msA:1.262
urn:cite:hmt:venAsign.58	58	urn:cite:hmt:critsigns.dotteddiple	urn:cts:greekLit:tlg0012.tlg001.msA:1.270
urn:cite:hmt:venAsign.59	59	urn:cite:hmt:critsigns.dotteddiple	urn:cts:greekLit:tlg0012.tlg001.msA:1.271
urn:cite:hmt:venAsign.60	60	urn:cite:hmt:critsigns.diple	urn:cts:greekLit:tlg0012.tlg001.msA:1.272
urn:cite:hmt:venAsign.61	61	urn:cite:hmt:critsigns.diple	urn:cts:greekLit:tlg0012.tlg001.msA:1.275
urn:cite:hmt:venAsign.62	62	urn:cite:hmt:critsigns.diple	urn:cts:greekLit:tlg0012.tlg001.msA:1.291
urn:cite:hmt:venAsign.63	63	urn:cite:hmt:critsigns.diple	urn:cts:greekLit:tlg0012.tlg001.msA:1.295
urn:cite:hmt:venAsign.64	64	urn:cite:hmt:critsigns.dotteddiple	urn:cts:greekLit:tlg0012.tlg001.msA:1.299
urn:cite:hmt:venAsign.65	65	urn:cite:hmt:critsigns.dotteddiple	urn:cts:greekLit:tlg0012.tlg001.msA:1.305
urn:cite:hmt:venAsign.66	66	urn:cite:hmt:critsigns.dotteddiple	urn:cts:greekLit:tlg0012.tlg001.msA:1.307
urn:cite:hmt:venAsign.67	67	urn:cite:hmt:critsigns.dotteddiple	urn:cts:greekLit:tlg0012.tlg001.msA:1.310
urn:cite:hmt:venAsign.68	68	urn:cite:hmt:critsigns.dotteddiple	urn:cts:greekLit:tlg0012.tlg001.msA:1.320
urn:cite:hmt:venAsign.69	69	urn:cite:hmt:critsigns.dotteddiple	urn:cts:greekLit:tlg0012.tlg001.msA:1.330
urn:cite:hmt:venAsign.70	70	urn:cite:hmt:critsigns.dotteddiple	urn:cts:greekLit:tlg0012.tlg001.msA:1.336
urn:cite:hmt:venAsign.71	71	urn:cite:hmt:critsigns.diple	urn:cts:greekLit:tlg0012.tlg001.msA:1.338
urn:cite:hmt:venAsign.72	72	urn:cite:hmt:critsigns.diple	urn:cts:greekLit:tlg0012.tlg001.msA:1.340
urn:cite:hmt:venAsign.73	73	urn:cite:hmt:critsigns.dotteddiple	urn:cts:greekLit:tlg0012.tlg001.msA:1.351
urn:cite:hmt:venAsign.74	74	urn:cite:hmt:critsigns.diple	urn:cts:greekLit:tlg0012.tlg001.msA:1.364
urn:cite:hmt:venAsign.75	75	urn:cite:hmt:critsigns.diple	urn:cts:greekLit:tlg0012.tlg001.msA:1.365
urn:cite:hmt:venAsign.76	76	urn:cite:hmt:critsigns.obelos	urn:cts:greekLit:tlg0012.tlg001.msA:1.366
urn:cite:hmt:venAsign.77	77	urn:cite:hmt:critsigns.obelos	urn:cts:greekLit:tlg0012.tlg001.msA:1.367
urn:cite:hmt:venAsign.78	78	urn:cite:hmt:critsigns.obelos	urn:cts:greekLit:tlg0012.tlg001.msA:1.368
urn:cite:hmt:venAsign.79	79	urn:cite:hmt:critsigns.obelos	urn:cts:greekLit:tlg0012.tlg001.msA:1.369
urn:cite:hmt:venAsign.80	80	urn:cite:hmt:critsigns.obelos	urn:cts:greekLit:tlg0012.tlg001.msA:1.370
urn:cite:hmt:venAsign.81	81	urn:cite:hmt:critsigns.obelos	urn:cts:greekLit:tlg0012.tlg001.msA:1.371
urn:cite:hmt:venAsign.82	82	urn:cite:hmt:critsigns.obelos	urn:cts:greekLit:tlg0012.tlg001.msA:1.372
urn:cite:hmt:venAsign.83	83	urn:cite:hmt:critsigns.obelos	urn:cts:greekLit:tlg0012.tlg001.msA:1.373
urn:cite:hmt:venAsign.84	84	urn:cite:hmt:critsigns.obelos	urn:cts:greekLit:tlg0012.tlg001.msA:1.374
urn:cite:hmt:venAsign.85	85	urn:cite:hmt:critsigns.obelos	urn:cts:greekLit:tlg0012.tlg001.msA:1.375
urn:cite:hmt:venAsign.86	86	urn:cite:hmt:critsigns.obelos	urn:cts:greekLit:tlg0012.tlg001.msA:1.376
urn:cite:hmt:venAsign.87	87	urn:cite:hmt:critsigns.obelos	urn:cts:greekLit:tlg0012.tlg001.msA:1.377
urn:cite:hmt:venAsign.88	88	urn:cite:hmt:critsigns.obelos	urn:cts:greekLit:tlg0012.tlg001.msA:1.378
urn:cite:hmt:venAsign.89	89	urn:cite:hmt:critsigns.obelos	urn:cts:greekLit:tlg0012.tlg001.msA:1.379
urn:cite:hmt:venAsign.90	90	urn:cite:hmt:critsigns.asterisk	urn:cts:greekLit:tlg0012.tlg001.msA:1.372
urn:cite:hmt:venAsign.91	91	urn:cite:hmt:critsigns.asterisk	urn:cts:greekLit:tlg0012.tlg001.msA:1.373
urn:cite:hmt:venAsign.92	92	urn:cite:hmt:critsigns.asterisk	urn:cts:greekLit:tlg0012.tlg001.msA:1.374
urn:cite:hmt:venAsign.93	93	urn:cite:hmt:critsigns.sterisk	urn:cts:greekLit:tlg0012.tlg001.msA:1.375
urn:cite:hmt:venAsign.94	94	urn:cite:hmt:critsigns.asterisk	urn:cts:greekLit:tlg0012.tlg001.msA:1.376
urn:cite:hmt:venAsign.95	95	urn:cite:hmt:critsigns.asterisk	urn:cts:greekLit:tlg0012.tlg001.msA:1.377
urn:cite:hmt:venAsign.96	96	urn:cite:hmt:critsigns.asterisk	urn:cts:greekLit:tlg0012.tlg001.msA:1.378
urn:cite:hmt:venAsign.97	97	urn:cite:hmt:critsigns.asterisk	urn:cts:greekLit:tlg0012.tlg001.msA:1.379
urn:cite:hmt:venAsign.98	98	urn:cite:hmt:critsigns.obelos	urn:cts:greekLit:tlg0012.tlg001.msA:1.380
urn:cite:hmt:venAsign.99	99	urn:cite:hmt:critsigns.obelos	urn:cts:greekLit:tlg0012.tlg001.msA:1.381
urn:cite:hmt:venAsign.100	100	urn:cite:hmt:critsigns.obelos	urn:cts:greekLit:tlg0012.tlg001.msA:1.382
urn:cite:hmt:venAsign.101	101	urn:cite:hmt:critsigns.obelos	urn:cts:greekLit:tlg0012.tlg001.msA:1.383
urn:cite:hmt:venAsign.102	102	urn:cite:hmt:critsigns.obelos	urn:cts:greekLit:tlg0012.tlg001.msA:1.384
urn:cite:hmt:venAsign.103	103	urn:cite:hmt:critsigns.obelos	urn:cts:greekLit:tlg0012.tlg001.msA:1.385
urn:cite:hmt:venAsign.104	104	urn:cite:hmt:critsigns.obelos	urn:cts:greekLit:tlg0012.tlg001.msA:1.386
urn:cite:hmt:venAsign.105	105	urn:cite:hmt:critsigns.obelos	urn:cts:greekLit:tlg0012.tlg001.msA:1.387
urn:cite:hmt:venAsign.106	106	urn:cite:hmt:critsigns.obelos	urn:cts:greekLit:tlg0012.tlg001.msA:1.388
urn:cite:hmt:venAsign.107	107	urn:cite:hmt:critsigns.obelos	urn:cts:greekLit:tlg0012.tlg001.msA:1.389
urn:cite:hmt:venAsign.108	108	urn:cite:hmt:critsigns.obelos	urn:cts:greekLit:tlg0012.tlg001.msA:1.390
urn:cite:hmt:venAsign.109	109	urn:cite:hmt:critsigns.obelos	urn:cts:greekLit:tlg0012.tlg001.msA:1.391
urn:cite:hmt:venAsign.110	110	urn:cite:hmt:critsigns.obelos	urn:cts:greekLit:tlg0012.tlg001.msA:1.392
urn:cite:hmt:venAsign.111	111	urn:cite:hmt:critsigns.dotteddiple	urn:cts:greekLit:tlg0012.tlg001.msA:1.393
urn:cite:hmt:venAsign.112	112	urn:cite:hmt:critsigns.diple	urn:cts:greekLit:tlg0012.tlg001.msA:1.402
urn:cite:hmt:venAsign.113	113	urn:cite:hmt:critsigns.asterisk	urn:cts:greekLit:tlg0012.tlg001.msA:1.403
urn:cite:hmt:venAsign.114	114	urn:cite:hmt:critsigns.asterisk	urn:cts:greekLit:tlg0012.tlg001.msA:1.404
urn:cite:hmt:venAsign.115	115	urn:cite:hmt:critsigns.asterisk	urn:cts:greekLit:tlg0012.tlg001.msA:1.405
urn:cite:hmt:venAsign.116	116	urn:cite:hmt:critsigns.diple	urn:cts:greekLit:tlg0012.tlg001.msA:1.412
urn:cite:hmt:venAsign.117	117	urn:cite:hmt:critsigns.obelos	urn:cts:greekLit:tlg0012.tlg001.msA:1.424
urn:cite:hmt:venAsign.118	118	urn:cite:hmt:critsigns.diple	urn:cts:greekLit:tlg0012.tlg001.msA:1.425
urn:cite:hmt:venAsign.119	119	urn:cite:hmt:critsigns.diple	urn:cts:greekLit:tlg0012.tlg001.msA:1.429
urn:cite:hmt:venAsign.120	120	urn:cite:hmt:critsigns.diple	urn:cts:greekLit:tlg0012.tlg001.msA:1.443
urn:cite:hmt:venAsign.121	121	urn:cite:hmt:critsigns.obelos	urn:cts:greekLit:tlg0012.tlg001.msA:1.444
urn:cite:hmt:venAsign.122	122	urn:cite:hmt:critsigns.diple	urn:cts:greekLit:tlg0012.tlg001.msA:1.454
urn:cite:hmt:venAsign.123	123	urn:cite:hmt:critsigns.diple	urn:cts:greekLit:tlg0012.tlg001.msA:1.459
urn:cite:hmt:venAsign.124	124	urn:cite:hmt:critsigns.diple	urn:cts:greekLit:tlg0012.tlg001.msA:1.461
urn:cite:hmt:venAsign.125	125	urn:cite:hmt:critsigns.diple	urn:cts:greekLit:tlg0012.tlg001.msA:1.467
urn:cite:hmt:venAsign.126	126	urn:cite:hmt:critsigns.diple	urn:cts:greekLit:tlg0012.tlg001.msA:1.472
urn:cite:hmt:venAsign.127	127	urn:cite:hmt:critsigns.diple	urn:cts:greekLit:tlg0012.tlg001.msA:1.473
urn:cite:hmt:venAsign.128	128	urn:cite:hmt:critsigns.obelos	urn:cts:greekLit:tlg0012.tlg001.msA:1.474
urn:cite:hmt:venAsign.129	129	urn:cite:hmt:critsigns.diple	urn:cts:greekLit:tlg0012.tlg001.msA:1.477
urn:cite:hmt:venAsign.130	130	urn:cite:hmt:critsigns.diple	urn:cts:greekLit:tlg0012.tlg001.msA:1.493
urn:cite:hmt:venAsign.131	131	urn:cite:hmt:critsigns.diple	urn:cts:greekLit:tlg0012.tlg001.msA:1.497
urn:cite:hmt:venAsign.132	132	urn:cite:hmt:critsigns.diple	urn:cts:greekLit:tlg0012.tlg001.msA:1.526
urn:cite:hmt:venAsign.133	133	urn:cite:hmt:critsigns.dotteddiple	urn:cts:greekLit:tlg0012.tlg001.msA:1.530
urn:cite:hmt:venAsign.134	134	urn:cite:hmt:critsigns.dotteddiple	urn:cts:greekLit:tlg0012.tlg001.msA:1.564
urn:cite:hmt:venAsign.135	135	urn:cite:hmt:critsigns.dotteddiple	urn:cts:greekLit:tlg0012.tlg001.msA:1.567
urn:cite:hmt:venAsign.136	136	urn:cite:hmt:critsigns.dotteddiple	urn:cts:greekLit:tlg0012.tlg001.msA:1.572
urn:cite:hmt:venAsign.137	137	urn:cite:hmt:critsigns.diple	urn:cts:greekLit:tlg0012.tlg001.msA:1.578
urn:cite:hmt:venAsign.138	138	urn:cite:hmt:critsigns.diple	urn:cts:greekLit:tlg0012.tlg001.msA:2.2
urn:cite:hmt:venAsign.139	139	urn:cite:hmt:critsigns.diple	urn:cts:greekLit:tlg0012.tlg001.msA:2.6
urn:cite:hmt:venAsign.140	140	urn:cite:hmt:critsigns.diple	urn:cts:greekLit:tlg0012.tlg001.msA:2.8
urn:cite:hmt:venAsign.141	141	urn:cite:hmt:critsigns.diple	urn:cts:greekLit:tlg0012.tlg001.msA:2.10
urn:cite:hmt:venAsign.142	142	urn:cite:hmt:critsigns.obelos	urn:cts:greekLit:tlg0012.tlg001.msA:2.27
urn:cite:hmt:venAsign.143	143	urn:cite:hmt:critsigns.asterisk	urn:cts:greekLit:tlg0012.tlg001.msA:2.27
urn:cite:hmt:venAsign.144	144	urn:cite:hmt:critsigns.diple	urn:cts:greekLit:tlg0012.tlg001.msA:2.36
urn:cite:hmt:venAsign.145	145	urn:cite:hmt:critsigns.diple	urn:cts:greekLit:tlg0012.tlg001.msA:2.41
urn:cite:hmt:venAsign.146	146	urn:cite:hmt:critsigns.diple	urn:cts:greekLit:tlg0012.tlg001.msA:2.45
urn:cite:hmt:venAsign.147	147	urn:cite:hmt:critsigns.diple	urn:cts:greekLit:tlg0012.tlg001.msA:2.49
urn:cite:hmt:venAsign.148	148	urn:cite:hmt:critsigns.diple	urn:cts:greekLit:tlg0012.tlg001.msA:2.55
urn:cite:hmt:venAsign.149	149	urn:cite:hmt:critsigns.asterisk	urn:cts:greekLit:tlg0012.tlg001.msA:2.56
urn:cite:hmt:venAsign.150	150	urn:cite:hmt:critsigns.asterisk	urn:cts:greekLit:tlg0012.tlg001.msA:2.64
urn:cite:hmt:venAsign.151	151	urn:cite:hmt:critsignsobelos	urn:cts:greekLit:tlg0012.tlg001.msA:2.64
urn:cite:hmt:venAsign.152	152	urn:cite:hmt:critsigns.diple	urn:cts:greekLit:tlg0012.tlg001.msA:2.70
urn:cite:hmt:venAsign.153	153	urn:cite:hmt:critsigns.obelos	urn:cts:greekLit:tlg0012.tlg001.msA:2.76
urn:cite:hmt:venAsign.154	154	urn:cite:hmt:critsigns.obelos	urn:cts:greekLit:tlg0012.tlg001.msA:2.77
urn:cite:hmt:venAsign.155	155	urn:cite:hmt:critsigns.obelos	urn:cts:greekLit:tlg0012.tlg001.msA:2.78
urn:cite:hmt:venAsign.156	156	urn:cite:hmt:critsigns.obelos	urn:cts:greekLit:tlg0012.tlg001.msA:2.79
urn:cite:hmt:venAsign.157	157	urn:cite:hmt:critsigns.obelos	urn:cts:greekLit:tlg0012.tlg001.msA:2.80
urn:cite:hmt:venAsign.158	158	urn:cite:hmt:critsigns.obelos	urn:cts:greekLit:tlg0012.tlg001.msA:2.81
urn:cite:hmt:venAsign.159	159	urn:cite:hmt:critsigns.obelos	urn:cts:greekLit:tlg0012.tlg001.msA:2.82
urn:cite:hmt:venAsign.160	160	urn:cite:hmt:critsigns.asterisk	urn:cts:greekLit:tlg0012.tlg001.msA:2.87
urn:cite:hmt:venAsign.161	161	urn:cite:hmt:critsigns.dotteddiple	urn:cts:greekLit:tlg0012.tlg001.msA:2.89
urn:cite:hmt:venAsign.162	162	urn:cite:hmt:critsigns.dotteddiple	urn:cts:greekLit:tlg0012.tlg001.msA:2.93
urn:cite:hmt:venAsign.163	163	urn:cite:hmt:critsigns.diple	urn:cts:greekLit:tlg0012.tlg001.msA:2.106
urn:cite:hmt:venAsign.164	164	urn:cite:hmt:critsigns.diple	urn:cts:greekLit:tlg0012.tlg001.msA:2.107
urn:cite:hmt:venAsign.165	165	urn:cite:hmt:critsigns.diple	urn:cts:greekLit:tlg0012.tlg001.msA:2.108
urn:cite:hmt:venAsign.166	166	urn:cite:hmt:critsigns.diple	urn:cts:greekLit:tlg0012.tlg001.msA:2.109
urn:cite:hmt:venAsign.167	167	urn:cite:hmt:critsigns.dotteddiple	urn:cts:greekLit:tlg0012.tlg001.msA:2.110
urn:cite:hmt:venAsign.168	168	urn:cite:hmt:critsigns.dotteddiple	urn:cts:greekLit:tlg0012.tlg001.msA:2.111
urn:cite:hmt:venAsign.169	169	urn:cite:hmt:critsigns.dotteddiple	urn:cts:greekLit:tlg0012.tlg001.msA:2.115
urn:cite:hmt:venAsign.170	170	urn:cite:hmt:critsigns.dotteddiple	urn:cts:greekLit:tlg0012.tlg001.msA:2.116
urn:cite:hmt:venAsign.171	171	urn:cite:hmt:critsigns.asterisk	urn:cts:greekLit:tlg0012.tlg001.msA:2.116
urn:cite:hmt:venAsign.172	172	urn:cite:hmt:critsigns.dotteddiple	urn:cts:greekLit:tlg0012.tlg001.msA:2.119
urn:cite:hmt:venAsign.173	173	urn:cite:hmt:critsigns.dotteddiple	urn:cts:greekLit:tlg0012.tlg001.msA:2.122
urn:cite:hmt:venAsign.174	174	urn:cite:hmt:critsigns.obelos	urn:cts:greekLit:tlg0012.tlg001.msA:2.124
urn:cite:hmt:venAsign.175	175	urn:cite:hmt:critsigns.diple	urn:cts:greekLit:tlg0012.tlg001.msA:2.125
urn:cite:hmt:venAsign.176	176	urn:cite:hmt:critsigns.obelos	urn:cts:greekLit:tlg0012.tlg001.msA:2.130
urn:cite:hmt:venAsign.177	177	urn:cite:hmt:critsigns.obelos	urn:cts:greekLit:tlg0012.tlg001.msA:2.131
urn:cite:hmt:venAsign.178	178	urn:cite:hmt:critsigns.obelos	urn:cts:greekLit:tlg0012.tlg001.msA:2.132
urn:cite:hmt:venAsign.179	179	urn:cite:hmt:critsigns.obelos	urn:cts:greekLit:tlg0012.tlg001.msA:2.133
urn:cite:hmt:venAsign.180	180	urn:cite:hmt:critsigns.obelos	urn:cts:greekLit:tlg0012.tlg001.msA:2.143
urn:cite:hmt:venAsign.181	181	urn:cite:hmt:critsigns.dotteddiple	urn:cts:greekLit:tlg0012.tlg001.msA:2.144
urn:cite:hmt:venAsign.182	182	urn:cite:hmt:critsigns.diple	urn:cts:greekLit:tlg0012.tlg001.msA:2.148
urn:cite:hmt:venAsign.183	183	urn:cite:hmt:critsigns.obelos	urn:cts:greekLit:tlg0012.tlg001.msA:2.160
urn:cite:hmt:venAsign.184	184	urn:cite:hmt:critsigns.asterisk	urn:cts:greekLit:tlg0012.tlg001.msA:2.160
urn:cite:hmt:venAsign.185	185	urn:cite:hmt:critsigns.diple	urn:cts:greekLit:tlg0012.tlg001.msA:2.161
urn:cite:hmt:venAsign.186	186	urn:cite:hmt:critsigns.asterisk	urn:cts:greekLit:tlg0012.tlg001.msA:2.161
urn:cite:hmt:venAsign.187	187	urn:cite:hmt:critsigns.obelos	urn:cts:greekLit:tlg0012.tlg001.msA:2.161
urn:cite:hmt:venAsign.188	188	urn:cite:hmt:critsigns.obelos	urn:cts:greekLit:tlg0012.tlg001.msA:2.162
urn:cite:hmt:venAsign.189	189	urn:cite:hmt:critsigns.asterisk	urn:cts:greekLit:tlg0012.tlg001.msA:2.164
urn:cite:hmt:venAsign.190	190	urn:cite:hmt:critsigns.asterisk	urn:cts:greekLit:tlg0012.tlg001.msA:2.162
urn:cite:hmt:venAsign.191	191	urn:cite:hmt:critsigns.obelos	urn:cts:greekLit:tlg0012.tlg001.msA:2.164
urn:cite:hmt:venAsign.192	192	urn:cite:hmt:critsigns.diple	urn:cts:greekLit:tlg0012.tlg001.msA:2.167
urn:cite:hmt:venAsign.193	193	urn:cite:hmt:critsigns.asterisk	urn:cts:greekLit:tlg0012.tlg001.msA:2.176
urn:cite:hmt:venAsign.194	194	urn:cite:hmt:critsigns.asterisk	urn:cts:greekLit:tlg0012.tlg001.msA:2.177
urn:cite:hmt:venAsign.195	195	urn:cite:hmt:critsigns.asterisk	urn:cts:greekLit:tlg0012.tlg001.msA:2.178
urn:cite:hmt:venAsign.196	196	urn:cite:hmt:critsigns.asterisk	urn:cts:greekLit:tlg0012.tlg001.msA:2.180
urn:cite:hmt:venAsign.197	197	urn:cite:hmt:critsigns.diple	urn:cts:greekLit:tlg0012.tlg001.msA:2.184
urn:cite:hmt:venAsign.198	198	urn:cite:hmt:critsigns.diple	urn:cts:greekLit:tlg0012.tlg001.msA:2.186
urn:cite:hmt:venAsign.199	199	urn:cite:hmt:critsigns.diple	urn:cts:greekLit:tlg0012.tlg001.msA:2.187
urn:cite:hmt:venAsign.200	200	urn:cite:hmt:critsigns.dottedantisigma	urn:cts:greekLit:tlg0012.tlg001.msA:2.188
urn:cite:hmt:venAsign.201	201	urn:cite:hmt:critsigns.diple	urn:cts:greekLit:tlg0012.tlg001.msA:2.189
urn:cite:hmt:venAsign.202	202	urn:cite:hmt:critsigns.dottedantisigma	urn:cts:greekLit:tlg0012.tlg001.msA:2.192
urn:cite:hmt:venAsign.203	203	urn:cite:hmt:critsigns.obelos	urn:cts:greekLit:tlg0012.tlg001.msA:2.193
urn:cite:hmt:venAsign.204	204	urn:cite:hmt:critsigns.obelos	urn:cts:greekLit:tlg0012.tlg001.msA:2.194
urn:cite:hmt:venAsign.205	205	urn:cite:hmt:critsigns.obelos	urn:cts:greekLit:tlg0012.tlg001.msA:2.195
urn:cite:hmt:venAsign.206	206	urn:cite:hmt:critsigns.obelos	urn:cts:greekLit:tlg0012.tlg001.msA:2.196
urn:cite:hmt:venAsign.207	207	urn:cite:hmt:critsigns.dotteddiple	urn:cts:greekLit:tlg0012.tlg001.msA:2.196
urn:cite:hmt:venAsign.208	208	urn:cite:hmt:critsigns.obelos	urn:cts:greekLit:tlg0012.tlg001.msA:2.197
urn:cite:hmt:venAsign.209	209	urn:cite:hmt:critsigns.dottedsigma	urn:cts:greekLit:tlg0012.tlg001.msA:2.203
urn:cite:hmt:venAsign.210	210	urn:cite:hmt:critsigns.dottedsigma	urn:cts:greekLit:tlg0012.tlg001.msA:2.204
urn:cite:hmt:venAsign.211	211	urn:cite:hmt:critsigns.dottedsigma	urn:cts:greekLit:tlg0012.tlg001.msA:2.205
urn:cite:hmt:venAsign.212	212	urn:cite:hmt:critsigns.diple	urn:cts:greekLit:tlg0012.tlg001.msA:2.217
urn:cite:hmt:venAsign.213	213	urn:cite:hmt:critsigns.dotteddiple	urn:cts:greekLit:tlg0012.tlg001.msA:2.220
urn:cite:hmt:venAsign.214	214	urn:cite:hmt:critsigns.dotteddiple	urn:cts:greekLit:tlg0012.tlg001.msA:2.226
urn:cite:hmt:venAsign.215	215	urn:cite:hmt:critsigns.dotteddiple	urn:cts:greekLit:tlg0012.tlg001.msA:2.227
urn:cite:hmt:venAsign.216	216	urn:cite:hmt:critsigns.diple	urn:cts:greekLit:tlg0012.tlg001.msA:2.229
urn:cite:hmt:venAsign.217	217	urn:cite:hmt:critsigns.dotteddiple	urn:cts:greekLit:tlg0012.tlg001.msA:2.231
urn:cite:hmt:venAsign.218	218	urn:cite:hmt:critsigns.diple	urn:cts:greekLit:tlg0012.tlg001.msA:2.238
urn:cite:hmt:venAsign.219	219	urn:cite:hmt:critsigns.dotteddiple	urn:cts:greekLit:tlg0012.tlg001.msA:2.239
urn:cite:hmt:venAsign.220	220	urn:cite:hmt:critsigns.diple	urn:cts:greekLit:tlg0012.tlg001.msA:2.247
urn:cite:hmt:venAsign.221	221	urn:cite:hmt:critsigns.obelos	urn:cts:greekLit:tlg0012.tlg001.msA:2.252
urn:cite:hmt:venAsign.222	222	urn:cite:hmt:critsigns.obelos	urn:cts:greekLit:tlg0012.tlg001.msA:2.253
urn:cite:hmt:venAsign.223	223	urn:cite:hmt:critsigns.obelos	urn:cts:greekLit:tlg0012.tlg001.msA:2.254
urn:cite:hmt:venAsign.224	224	urn:cite:hmt:critsigns.obelos	urn:cts:greekLit:tlg0012.tlg001.msA:2.255
urn:cite:hmt:venAsign.225	225	urn:cite:hmt:critsigns.obelos	urn:cts:greekLit:tlg0012.tlg001.msA:2.256
urn:cite:hmt:venAsign.226	226	urn:cite:hmt:critsigns.diple	urn:cts:greekLit:tlg0012.tlg001.msA:2.258
urn:cite:hmt:venAsign.227	227	urn:cite:hmt:critsigns.diple	urn:cts:greekLit:tlg0012.tlg001.msA:2.260
urn:cite:hmt:venAsign.228	228	urn:cite:hmt:critsigns.diple	urn:cts:greekLit:tlg0012.tlg001.msA:2.264
urn:cite:hmt:venAsign.229	229	urn:cite:hmt:critsigns.diple	urn:cts:greekLit:tlg0012.tlg001.msA:2.269
urn:cite:hmt:venAsign.230	230	urn:cite:hmt:critsigns.diple	urn:cts:greekLit:tlg0012.tlg001.msA:2.276
urn:cite:hmt:venAsign.231	231	urn:cite:hmt:critsigns.diple	urn:cts:greekLit:tlg0012.tlg001.msA:2.278
urn:cite:hmt:venAsign.232	232	urn:cite:hmt:critsigns.diple	urn:cts:greekLit:tlg0012.tlg001.msA:2.286
urn:cite:hmt:venAsign.233	233	urn:cite:hmt:critsigns.diple	urn:cts:greekLit:tlg0012.tlg001.msA:2.291
urn:cite:hmt:venAsign.234	234	urn:cite:hmt:critsigns.dotteddiple	urn:cts:greekLit:tlg0012.tlg001.msA:2.297
urn:cite:hmt:venAsign.235	235	urn:cite:hmt:critsigns.dotteddiple	urn:cts:greekLit:tlg0012.tlg001.msA:2.299
urn:cite:hmt:venAsign.236	236	urn:cite:hmt:critsigns.diple	urn:cts:greekLit:tlg0012.tlg001.msA:2.300
urn:cite:hmt:venAsign.237	237	urn:cite:hmt:critsigns.dotteddiple	urn:cts:greekLit:tlg0012.tlg001.msA:2.302
urn:cite:hmt:venAsign.238	238	urn:cite:hmt:critsigns.dotteddiple	urn:cts:greekLit:tlg0012.tlg001.msA:2.314
urn:cite:hmt:venAsign.239	239	urn:cite:hmt:critsigns.dotteddiple	urn:cts:greekLit:tlg0012.tlg001.msA:2.318
urn:cite:hmt:venAsign.240	240	urn:cite:hmt:critsigns.obelos	urn:cts:greekLit:tlg0012.tlg001.msA:2.319
urn:cite:hmt:venAsign.241	241	urn:cite:hmt:critsigns.diple	urn:cts:greekLit:tlg0012.tlg001.msA:2.320
urn:cite:hmt:venAsign.242	242	urn:cite:hmt:critsigns.diple	urn:cts:greekLit:tlg0012.tlg001.msA:2.328
urn:cite:hmt:venAsign.243	243	urn:cite:hmt:critsigns.diple	urn:cts:greekLit:tlg0012.tlg001.msA:2.341
urn:cite:hmt:venAsign.244	244	urn:cite:hmt:critsigns.diple	urn:cts:greekLit:tlg0012.tlg001.msA:2.349
urn:cite:hmt:venAsign.245	245	urn:cite:hmt:critsigns.diple	urn:cts:greekLit:tlg0012.tlg001.msA:2.353
urn:cite:hmt:venAsign.246	246	urn:cite:hmt:critsigns.diple	urn:cts:greekLit:tlg0012.tlg001.msA:2.356
urn:cite:hmt:venAsign.247	247	urn:cite:hmt:critsigns.diple	urn:cts:greekLit:tlg0012.tlg001.msA:2.381
urn:cite:hmt:venAsign.248	248	urn:cite:hmt:critsigns.diple	urn:cts:greekLit:tlg0012.tlg001.msA:2.385
urn:cite:hmt:venAsign.249	249	urn:cite:hmt:critsigns.diple	urn:cts:greekLit:tlg0012.tlg001.msA:2.397
urn:cite:hmt:venAsign.250	250	urn:cite:hmt:critsigns.diple	urn:cts:greekLit:tlg0012.tlg001.msA:2.412
urn:cite:hmt:venAsign.251	251	urn:cite:hmt:critsigns.diple	urn:cts:greekLit:tlg0012.tlg001.msA:2.417
urn:cite:hmt:venAsign.252	252	urn:cite:hmt:critsigns.diple	urn:cts:greekLit:tlg0012.tlg001.msA:2.422
urn:cite:hmt:venAsign.253	253	urn:cite:hmt:critsigns.diple	urn:cts:greekLit:tlg0012.tlg001.msA:2.424
urn:cite:hmt:venAsign.254	254	urn:cite:hmt:critsigns.dotteddiple	urn:cts:greekLit:tlg0012.tlg001.msA:2.435
urn:cite:hmt:venAsign.255	255	urn:cite:hmt:critsigns.diple	urn:cts:greekLit:tlg0012.tlg001.msA:2.438
urn:cite:hmt:venAsign.256	256	urn:cite:hmt:critsigns.dotteddiple	urn:cts:greekLit:tlg0012.tlg001.msA:2.440
urn:cite:hmt:venAsign.257	257	urn:cite:hmt:critsigns.asterisk	urn:cts:greekLit:tlg0012.tlg001.msA:2.453
urn:cite:hmt:venAsign.258	258	urn:cite:hmt:critsigns.asterisk	urn:cts:greekLit:tlg0012.tlg001.msA:2.454
urn:cite:hmt:venAsign.259	259	urn:cite:hmt:critsigns.asterisk	urn:cts:greekLit:tlg0012.tlg001.msA:2.455
urn:cite:hmt:venAsign.260	260	urn:cite:hmt:critsigns.diple	urn:cts:greekLit:tlg0012.tlg001.msA:2.480
urn:cite:hmt:venAsign.261	261	urn:cite:hmt:critsigns.dotteddiple	urn:cts:greekLit:tlg0012.tlg001.msA:2.485
urn:cite:hmt:venAsign.262	262	urn:cite:hmt:critsigns.dotteddiple	urn:cts:greekLit:tlg0012.tlg001.msA:2.486
urn:cite:hmt:venAsign.263	263	urn:cite:hmt:critsigns.diple	urn:cts:greekLit:tlg0012.tlg001.msA:2.498
urn:cite:hmt:venAsign.264	264	urn:cite:hmt:critsigns.diple	urn:cts:greekLit:tlg0012.tlg001.msA:2.500
urn:cite:hmt:venAsign.265	265	urn:cite:hmt:critsigns.dotteddiple	urn:cts:greekLit:tlg0012.tlg001.msA:2.502
urn:cite:hmt:venAsign.266	266	urn:cite:hmt:critsigns.dotteddiple	urn:cts:greekLit:tlg0012.tlg001.msA:2.507
urn:cite:hmt:venAsign.267	267	urn:cite:hmt:critsigns.diple	urn:cts:greekLit:tlg0012.tlg001.msA:2.511
urn:cite:hmt:venAsign.268	268	urn:cite:hmt:critsigns.diple	urn:cts:greekLit:tlg0012.tlg001.msA:2.517
urn:cite:hmt:venAsign.269	269	urn:cite:hmt:critsigns.dotteddiple	urn:cts:greekLit:tlg0012.tlg001.msA:2.520
urn:cite:hmt:venAsign.270	270	urn:cite:hmt:critsigns.diple	urn:cts:greekLit:tlg0012.tlg001.msA:2.527
urn:cite:hmt:venAsign.271	271	urn:cite:hmt:critsigns.dotteddiple	urn:cts:greekLit:tlg0012.tlg001.msA:2.528
urn:cite:hmt:venAsign.272	272	urn:cite:hmt:critsigns.obelos	urn:cts:greekLit:tlg0012.tlg001.msA:2.529
urn:cite:hmt:venAsign.273	273	urn:cite:hmt:critsigns.obelos	urn:cts:greekLit:tlg0012.tlg001.msA:2.530
urn:cite:hmt:venAsign.274	274	urn:cite:hmt:critsigns.dotteddiple	urn:cts:greekLit:tlg0012.tlg001.msA:2.532
urn:cite:hmt:venAsign.275	275	urn:cite:hmt:critsigns.diple	urn:cts:greekLit:tlg0012.tlg001.msA:2.547
urn:cite:hmt:venAsign.276	276	urn:cite:hmt:critsigns.dotteddiple	urn:cts:greekLit:tlg0012.tlg001.msA:2.553
urn:cite:hmt:venAsign.277	277	urn:cite:hmt:critsigns.diple	urn:cts:greekLit:tlg0012.tlg001.msA:2.570
urn:cite:hmt:venAsign.278	278	urn:cite:hmt:critsigns.dotteddiple	urn:cts:greekLit:tlg0012.tlg001.msA:2.571
urn:cite:hmt:venAsign.279	279	urn:cite:hmt:critsigns.dotteddiple	urn:cts:greekLit:tlg0012.tlg001.msA:2.579
urn:cite:hmt:venAsign.280	280	urn:cite:hmt:critsigns.dotteddiple	urn:cts:greekLit:tlg0012.tlg001.msA:2.580
urn:cite:hmt:venAsign.281	281	urn:cite:hmt:critsigns.dotteddiple	urn:cts:greekLit:tlg0012.tlg001.msA:2.581
urn:cite:hmt:venAsign.282	282	urn:cite:hmt:critsigns.diple	urn:cts:greekLit:tlg0012.tlg001.msA:2.582
urn:cite:hmt:venAsign.283	283	urn:cite:hmt:critsigns.diple	urn:cts:greekLit:tlg0012.tlg001.msA:2.590
urn:cite:hmt:venAsign.284	284	urn:cite:hmt:critsigns.diple	urn:cts:greekLit:tlg0012.tlg001.msA:2.592
urn:cite:hmt:venAsign.285	285	urn:cite:hmt:critsigns.diple	urn:cts:greekLit:tlg0012.tlg001.msA:2.596
urn:cite:hmt:venAsign.286	286	urn:cite:hmt:critsigns.diple	urn:cts:greekLit:tlg0012.tlg001.msA:2.597
urn:cite:hmt:venAsign.287	287	urn:cite:hmt:critsigns.diple	urn:cts:greekLit:tlg0012.tlg001.msA:2.599
urn:cite:hmt:venAsign.288	288	urn:cite:hmt:critsigns.obelos	urn:cts:greekLit:tlg0012.tlg001.msA:2.603
urn:cite:hmt:venAsign.289	289	urn:cite:hmt:critsigns.diple	urn:cts:greekLit:tlg0012.tlg001.msA:2.605
urn:cite:hmt:venAsign.290	290	urn:cite:hmt:critsigns.dotteddiple	urn:cts:greekLit:tlg0012.tlg001.msA:2.612
urn:cite:hmt:venAsign.291	291	urn:cite:hmt:critsigns.dotteddiple	urn:cts:greekLit:tlg0012.tlg001.msA:2.613
urn:cite:hmt:venAsign.292	292	urn:cite:hmt:critsigns.dotteddiple	urn:cts:greekLit:tlg0012.tlg001.msA:2.614
urn:cite:hmt:venAsign.293	293	urn:cite:hmt:critsigns.dotteddiple	urn:cts:greekLit:tlg0012.tlg001.msA:2.616
urn:cite:hmt:venAsign.294	294	urn:cite:hmt:critsigns.diple	urn:cts:greekLit:tlg0012.tlg001.msA:2.621
urn:cite:hmt:venAsign.295	295	urn:cite:hmt:critsigns.diple	urn:cts:greekLit:tlg0012.tlg001.msA:2.625
urn:cite:hmt:venAsign.296	296	urn:cite:hmt:critsigns.dotteddiple	urn:cts:greekLit:tlg0012.tlg001.msA:2.626
urn:cite:hmt:venAsign.297	297	urn:cite:hmt:critsigns.diple	urn:cts:greekLit:tlg0012.tlg001.msA:2.629
urn:cite:hmt:venAsign.298	298	urn:cite:hmt:critsigns.obelos	urn:cts:greekLit:tlg0012.tlg001.msA:2.631
urn:cite:hmt:venAsign.299	299	urn:cite:hmt:critsigns.dotteddiple	urn:cts:greekLit:tlg0012.tlg001.msA:2.634
urn:cite:hmt:venAsign.300	300	urn:cite:hmt:critsigns.dotteddiple	urn:cts:greekLit:tlg0012.tlg001.msA:2.641
urn:cite:hmt:venAsign.301	301	urn:cite:hmt:critsigns.dotteddiple	urn:cts:greekLit:tlg0012.tlg001.msA:2.642
urn:cite:hmt:venAsign.302	302	urn:cite:hmt:critsigns.diple	urn:cts:greekLit:tlg0012.tlg001.msA:2.649
urn:cite:hmt:venAsign.303	303	urn:cite:hmt:critsigns.dotteddiple	urn:cts:greekLit:tlg0012.tlg001.msA:2.658
urn:cite:hmt:venAsign.304	304	urn:cite:hmt:critsigns.diple	urn:cts:greekLit:tlg0012.tlg001.msA:2.659
urn:cite:hmt:venAsign.305	305	urn:cite:hmt:critsigns.dotteddiple	urn:cts:greekLit:tlg0012.tlg001.msA:2.667
urn:cite:hmt:venAsign.306	306	urn:cite:hmt:critsigns.diple	urn:cts:greekLit:tlg0012.tlg001.msA:2.668
urn:cite:hmt:venAsign.307	307	urn:cite:hmt:critsigns.obelos	urn:cts:greekLit:tlg0012.tlg001.msA:2.669
urn:cite:hmt:venAsign.308	308	urn:cite:hmt:critsigns.diple	urn:cts:greekLit:tlg0012.tlg001.msA:2.670
urn:cite:hmt:venAsign.309	309	urn:cite:hmt:critsigns.dotteddiple	urn:cts:greekLit:tlg0012.tlg001.msA:2.673
urn:cite:hmt:venAsign.310	310	urn:cite:hmt:critsigns.dotteddiple	urn:cts:greekLit:tlg0012.tlg001.msA:2.674
urn:cite:hmt:venAsign.311	311	urn:cite:hmt:critsigns.dotteddiple	urn:cts:greekLit:tlg0012.tlg001.msA:2.675
urn:cite:hmt:venAsign.312	312	urn:cite:hmt:critsigns.diple	urn:cts:greekLit:tlg0012.tlg001.msA:2.681
urn:cite:hmt:venAsign.313	313	urn:cite:hmt:critsigns.diple	urn:cts:greekLit:tlg0012.tlg001.msA:2.684
urn:cite:hmt:venAsign.314	314	urn:cite:hmt:critsigns.diple	urn:cts:greekLit:tlg0012.tlg001.msA:2.689
urn:cite:hmt:venAsign.315	315	urn:cite:hmt:critsigns.dotteddiple	urn:cts:greekLit:tlg0012.tlg001.msA:2.690
urn:cite:hmt:venAsign.316	316	urn:cite:hmt:critsigns.dotteddiple	urn:cts:greekLit:tlg0012.tlg001.msA:2.694
urn:cite:hmt:venAsign.317	317	urn:cite:hmt:critsigns.diple	urn:cts:greekLit:tlg0012.tlg001.msA:2.696
urn:cite:hmt:venAsign.318	318	urn:cite:hmt:critsigns.dotteddiple	urn:cts:greekLit:tlg0012.tlg001.msA:2.697
urn:cite:hmt:venAsign.319	319	urn:cite:hmt:critsigns.diple	urn:cts:greekLit:tlg0012.tlg001.msA:2.701
urn:cite:hmt:venAsign.320	320	urn:cite:hmt:critsigns.dotteddiple	urn:cts:greekLit:tlg0012.tlg001.msA:2.718
urn:cite:hmt:venAsign.321	321	urn:cite:hmt:critsigns.diple	urn:cts:greekLit:tlg0012.tlg001.msA:2.722
urn:cite:hmt:venAsign.322	322	urn:cite:hmt:critsigns.dotteddiple	urn:cts:greekLit:tlg0012.tlg001.msA:2.724
urn:cite:hmt:venAsign.323	323	urn:cite:hmt:critsigns.dotteddiple	urn:cts:greekLit:tlg0012.tlg001.msA:2.725
urn:cite:hmt:venAsign.324	324	urn:cite:hmt:critsigns.dotteddiple	urn:cts:greekLit:tlg0012.tlg001.msA:2.727
urn:cite:hmt:venAsign.325	325	urn:cite:hmt:critsigns.diple	urn:cts:greekLit:tlg0012.tlg001.msA:2.730
urn:cite:hmt:venAsign.326	326	urn:cite:hmt:critsigns.diple	urn:cts:greekLit:tlg0012.tlg001.msA:2.741
urn:cite:hmt:venAsign.327	327	urn:cite:hmt:critsigns.diple	urn:cts:greekLit:tlg0012.tlg001.msA:2.742
urn:cite:hmt:venAsign.328	328	urn:cite:hmt:critsigns.diple	urn:cts:greekLit:tlg0012.tlg001.msA:2.745
urn:cite:hmt:venAsign.329	329	urn:cite:hmt:critsigns.diple	urn:cts:greekLit:tlg0012.tlg001.msA:2.763
urn:cite:hmt:venAsign.330	330	urn:cite:hmt:critsigns.diple	urn:cts:greekLit:tlg0012.tlg001.msA:2.767
urn:cite:hmt:venAsign.331	331	urn:cite:hmt:critsigns.obelos	urn:cts:greekLit:tlg0012.tlg001.msA:2.791
urn:cite:hmt:venAsign.332	332	urn:cite:hmt:critsigns.obelos	urn:cts:greekLit:tlg0012.tlg001.msA:2.792
urn:cite:hmt:venAsign.333	333	urn:cite:hmt:critsigns.obelos	urn:cts:greekLit:tlg0012.tlg001.msA:2.793
urn:cite:hmt:venAsign.334	334	urn:cite:hmt:critsigns.obelos	urn:cts:greekLit:tlg0012.tlg001.msA:2.794
urn:cite:hmt:venAsign.335	335	urn:cite:hmt:critsigns.obelos	urn:cts:greekLit:tlg0012.tlg001.msA:2.795
urn:cite:hmt:venAsign.336	336	urn:cite:hmt:critsigns.diple	urn:cts:greekLit:tlg0012.tlg001.msA:2.801
urn:cite:hmt:venAsign.337	337	urn:cite:hmt:critsigns.diple	urn:cts:greekLit:tlg0012.tlg001.msA:2.802
urn:cite:hmt:venAsign.338	338	urn:cite:hmt:critsigns.diple	urn:cts:greekLit:tlg0012.tlg001.msA:2.807
urn:cite:hmt:venAsign.339	339	urn:cite:hmt:critsigns.diple	urn:cts:greekLit:tlg0012.tlg001.msA:2.809
urn:cite:hmt:venAsign.340	340	urn:cite:hmt:critsigns.diple	urn:cts:greekLit:tlg0012.tlg001.msA:2.819
urn:cite:hmt:venAsign.341	341	urn:cite:hmt:critsigns.diple	urn:cts:greekLit:tlg0012.tlg001.msA:2.820
urn:cite:hmt:venAsign.342	342	urn:cite:hmt:critsigns.diple	urn:cts:greekLit:tlg0012.tlg001.msA:2.827
urn:cite:hmt:venAsign.343	343	urn:cite:hmt:critsigns.diple	urn:cts:greekLit:tlg0012.tlg001.msA:2.837
urn:cite:hmt:venAsign.344	344	urn:cite:hmt:critsigns.diple	urn:cts:greekLit:tlg0012.tlg001.msA:2.838
urn:cite:hmt:venAsign.345	345	urn:cite:hmt:critsigns.dotteddiple	urn:cts:greekLit:tlg0012.tlg001.msA:2.839
urn:cite:hmt:venAsign.346	346	urn:cite:hmt:critsigns.diple	urn:cts:greekLit:tlg0012.tlg001.msA:2.850
urn:cite:hmt:venAsign.347	347	urn:cite:hmt:critsigns.diple	urn:cts:greekLit:tlg0012.tlg001.msA:2.851
urn:cite:hmt:venAsign.348	348	urn:cite:hmt:critsigns.dotteddiple	urn:cts:greekLit:tlg0012.tlg001.msA:2.852
urn:cite:hmt:venAsign.349	349	urn:cite:hmt:critsigns.diple	urn:cts:greekLit:tlg0012.tlg001.msA:2.856
urn:cite:hmt:venAsign.350	350	urn:cite:hmt:critsigns.obelos	urn:cts:greekLit:tlg0012.tlg001.msA:2.860
urn:cite:hmt:venAsign.351	351	urn:cite:hmt:critsigns.obelos	urn:cts:greekLit:tlg0012.tlg001.msA:2.861
urn:cite:hmt:venAsign.352	352	urn:cite:hmt:critsigns.diple	urn:cts:greekLit:tlg0012.tlg001.msA:2.863
urn:cite:hmt:venAsign.353	353	urn:cite:hmt:critsigns.diple	urn:cts:greekLit:tlg0012.tlg001.msA:2.867
urn:cite:hmt:venAsign.354	354	urn:cite:hmt:critsigns.diple	urn:cts:greekLit:tlg0012.tlg001.msA:2.871
urn:cite:hmt:venAsign.355	355	urn:cite:hmt:critsigns.diple	urn:cts:greekLit:tlg0012.tlg001.msA:2.872
urn:cite:hmt:venAsign.356	356	urn:cite:hmt:critsigns.obelos	urn:cts:greekLit:tlg0012.tlg001.msA:2.874
urn:cite:hmt:venAsign.357	357	urn:cite:hmt:critsigns.obelos	urn:cts:greekLit:tlg0012.tlg001.msA:2.875
urn:cite:hmt:venAsign.358	358	urn:cite:hmt:critsigns.diple	urn:cts:greekLit:tlg0012.tlg001.msA:3.3
urn:cite:hmt:venAsign.359	359	urn:cite:hmt:critsigns.diple	urn:cts:greekLit:tlg0012.tlg001.msA:3.4
urn:cite:hmt:venAsign.360	360	urn:cite:hmt:critsigns.diple	urn:cts:greekLit:tlg0012.tlg001.msA:3.5
urn:cite:hmt:venAsign.361	361	urn:cite:hmt:critsigns.diple	urn:cts:greekLit:tlg0012.tlg001.msA:3.6
urn:cite:hmt:venAsign.362	362	urn:cite:hmt:critsigns.diple	urn:cts:greekLit:tlg0012.tlg001.msA:3.10
urn:cite:hmt:venAsign.363	363	urn:cite:hmt:critsigns.diple	urn:cts:greekLit:tlg0012.tlg001.msA:3.11
urn:cite:hmt:venAsign.364	364	urn:cite:hmt:critsigns.diple	urn:cts:greekLit:tlg0012.tlg001.msA:3.13
urn:cite:hmt:venAsign.365	365	urn:cite:hmt:critsigns.dotteddiple	urn:cts:greekLit:tlg0012.tlg001.msA:3.18
urn:cite:hmt:venAsign.366	366	urn:cite:hmt:critsigns.obelos	urn:cts:greekLit:tlg0012.tlg001.msA:3.19
urn:cite:hmt:venAsign.367	367	urn:cite:hmt:critsigns.obelos	urn:cts:greekLit:tlg0012.tlg001.msA:3.20
urn:cite:hmt:venAsign.368	368	urn:cite:hmt:critsigns.diple	urn:cts:greekLit:tlg0012.tlg001.msA:3.25
urn:cite:hmt:venAsign.369	369	urn:cite:hmt:critsigns.dotteddiple	urn:cts:greekLit:tlg0012.tlg001.msA:3.28
urn:cite:hmt:venAsign.370	370	urn:cite:hmt:critsigns.diple	urn:cts:greekLit:tlg0012.tlg001.msA:3.31
urn:cite:hmt:venAsign.371	371	urn:cite:hmt:critsigns.diple	urn:cts:greekLit:tlg0012.tlg001.msA:3.36
urn:cite:hmt:venAsign.372	372	urn:cite:hmt:critsigns.diple	urn:cts:greekLit:tlg0012.tlg001.msA:3.44
urn:cite:hmt:venAsign.373	373	urn:cite:hmt:critsigns.diple	urn:cts:greekLit:tlg0012.tlg001.msA:3.48
urn:cite:hmt:venAsign.374	374	urn:cite:hmt:critsigns.diple	urn:cts:greekLit:tlg0012.tlg001.msA:3.49
urn:cite:hmt:venAsign.375	375	urn:cite:hmt:critsigns.diple	urn:cts:greekLit:tlg0012.tlg001.msA:3.54
urn:cite:hmt:venAsign.376	376	urn:cite:hmt:critsigns.dotteddiple	urn:cts:greekLit:tlg0012.tlg001.msA:3.56
urn:cite:hmt:venAsign.377	377	urn:cite:hmt:critsigns.diple	urn:cts:greekLit:tlg0012.tlg001.msA:3.65
urn:cite:hmt:venAsign.378	378	urn:cite:hmt:critsigns.dotteddiple	urn:cts:greekLit:tlg0012.tlg001.msA:3.71
urn:cite:hmt:venAsign.379	379	urn:cite:hmt:critsigns.dotteddiple	urn:cts:greekLit:tlg0012.tlg001.msA:3.74
urn:cite:hmt:venAsign.380	380	urn:cite:hmt:critsigns.diple	urn:cts:greekLit:tlg0012.tlg001.msA:3.80
urn:cite:hmt:venAsign.381	381	urn:cite:hmt:critsigns.diple	urn:cts:greekLit:tlg0012.tlg001.msA:3.82
urn:cite:hmt:venAsign.382	382	urn:cite:hmt:critsigns.diple	urn:cts:greekLit:tlg0012.tlg001.msA:3.83
urn:cite:hmt:venAsign.383	383	urn:cite:hmt:critsigns.dotteddiple	urn:cts:greekLit:tlg0012.tlg001.msA:3.92
urn:cite:hmt:venAsign.384	384	urn:cite:hmt:critsigns.dotteddiple	urn:cts:greekLit:tlg0012.tlg001.msA:3.99
urn:cite:hmt:venAsign.385	385	urn:cite:hmt:critsigns.dotteddiple	urn:cts:greekLit:tlg0012.tlg001.msA:3.100
urn:cite:hmt:venAsign.386	386	urn:cite:hmt:critsigns.diple	urn:cts:greekLit:tlg0012.tlg001.msA:3.103
urn:cite:hmt:venAsign.387	387	urn:cite:hmt:critsigns.diple	urn:cts:greekLit:tlg0012.tlg001.msA:3.104
urn:cite:hmt:venAsign.388	388	urn:cite:hmt:critsigns.diple	urn:cts:greekLit:tlg0012.tlg001.msA:3.105
urn:cite:hmt:venAsign.389	389	urn:cite:hmt:critsigns.obelos	urn:cts:greekLit:tlg0012.tlg001.msA:3.108
urn:cite:hmt:venAsign.390	390	urn:cite:hmt:critsigns.obelos	urn:cts:greekLit:tlg0012.tlg001.msA:3.109
urn:cite:hmt:venAsign.391	391	urn:cite:hmt:critsigns.obelos	urn:cts:greekLit:tlg0012.tlg001.msA:3.110
urn:cite:hmt:venAsign.392	392	urn:cite:hmt:critsigns.diple	urn:cts:greekLit:tlg0012.tlg001.msA:3.122
urn:cite:hmt:venAsign.393	393	urn:cite:hmt:critsigns.diple	urn:cts:greekLit:tlg0012.tlg001.msA:3.126
urn:cite:hmt:venAsign.394	394	urn:cite:hmt:critsigns.diple	urn:cts:greekLit:tlg0012.tlg001.msA:3.138
urn:cite:hmt:venAsign.395	395	urn:cite:hmt:critsigns.obelos	urn:cts:greekLit:tlg0012.tlg001.msA:3.144
urn:cite:hmt:venAsign.396	396	urn:cite:hmt:critsigns.diple	urn:cts:greekLit:tlg0012.tlg001.msA:3.144
urn:cite:hmt:venAsign.397	397	urn:cite:hmt:critsigns.dotteddiple	urn:cts:greekLit:tlg0012.tlg001.msA:3.152
urn:cite:hmt:venAsign.398	398	urn:cite:hmt:critsigns.dotteddiple	urn:cts:greekLit:tlg0012.tlg001.msA:3.155
urn:cite:hmt:venAsign.399	399	urn:cite:hmt:critsigns.diple	urn:cts:greekLit:tlg0012.tlg001.msA:3.163
urn:cite:hmt:venAsign.400	400	urn:cite:hmt:critsigns.diple	urn:cts:greekLit:tlg0012.tlg001.msA:3.184
urn:cite:hmt:venAsign.401	401	urn:cite:hmt:critsigns.diple	urn:cts:greekLit:tlg0012.tlg001.msA:3.205
urn:cite:hmt:venAsign.402	402	urn:cite:hmt:critsigns.diple	urn:cts:greekLit:tlg0012.tlg001.msA:3.206
urn:cite:hmt:venAsign.403	403	urn:cite:hmt:critsigns.diple	urn:cts:greekLit:tlg0012.tlg001.msA:3.207
urn:cite:hmt:venAsign.404	404	urn:cite:hmt:critsigns.dotteddiple	urn:cts:greekLit:tlg0012.tlg001.msA:3.211
urn:cite:hmt:venAsign.405	405	urn:cite:hmt:critsigns.diple	urn:cts:greekLit:tlg0012.tlg001.msA:3.219
urn:cite:hmt:venAsign.406	406	urn:cite:hmt:critsigns.diple	urn:cts:greekLit:tlg0012.tlg001.msA:3.224
urn:cite:hmt:venAsign.407	407	urn:cite:hmt:critsigns.diple	urn:cts:greekLit:tlg0012.tlg001.msA:3.230
urn:cite:hmt:venAsign.408	408	urn:cite:hmt:critsigns.dotteddiple	urn:cts:greekLit:tlg0012.tlg001.msA:3.244
urn:cite:hmt:venAsign.409	409	urn:cite:hmt:critsigns.dotteddiple	urn:cts:greekLit:tlg0012.tlg001.msA:3.250
urn:cite:hmt:venAsign.410	410	urn:cite:hmt:critsigns.asterisk	urn:cts:greekLit:tlg0012.tlg001.msA:3.257
urn:cite:hmt:venAsign.411	411	urn:cite:hmt:critsigns.diple	urn:cts:greekLit:tlg0012.tlg001.msA:3.261
urn:cite:hmt:venAsign.412	412	urn:cite:hmt:critsigns.diple	urn:cts:greekLit:tlg0012.tlg001.msA:3.263
urn:cite:hmt:venAsign.413	413	urn:cite:hmt:critsigns.diple	urn:cts:greekLit:tlg0012.tlg001.msA:3.270
urn:cite:hmt:venAsign.414	414	urn:cite:hmt:critsigns.diple	urn:cts:greekLit:tlg0012.tlg001.msA:3.271
urn:cite:hmt:venAsign.415	415	urn:cite:hmt:critsigns.dotteddiple	urn:cts:greekLit:tlg0012.tlg001.msA:3.273
urn:cite:hmt:venAsign.416	416	urn:cite:hmt:critsigns.diple	urn:cts:greekLit:tlg0012.tlg001.msA:3.276
urn:cite:hmt:venAsign.417	417	urn:cite:hmt:critsigns.dotteddiple	urn:cts:greekLit:tlg0012.tlg001.msA:3.277
urn:cite:hmt:venAsign.418	418	urn:cite:hmt:critsigns.diple	urn:cts:greekLit:tlg0012.tlg001.msA:3.278
urn:cite:hmt:venAsign.419	419	urn:cite:hmt:critsigns.dotteddiple	urn:cts:greekLit:tlg0012.tlg001.msA:3.279
urn:cite:hmt:venAsign.420	420	urn:cite:hmt:critsigns.dotteddiple	urn:cts:greekLit:tlg0012.tlg001.msA:3.280
urn:cite:hmt:venAsign.421	421	urn:cite:hmt:critsigns.diple	urn:cts:greekLit:tlg0012.tlg001.msA:3.286
urn:cite:hmt:venAsign.422	422	urn:cite:hmt:critsigns.diple	urn:cts:greekLit:tlg0012.tlg001.msA:3.297
urn:cite:hmt:venAsign.423	423	urn:cite:hmt:critsigns.diple	urn:cts:greekLit:tlg0012.tlg001.msA:3.305
urn:cite:hmt:venAsign.424	424	urn:cite:hmt:critsigns.dotteddiple	urn:cts:greekLit:tlg0012.tlg001.msA:3.325
urn:cite:hmt:venAsign.425	425	urn:cite:hmt:critsigns.dotteddiple	urn:cts:greekLit:tlg0012.tlg001.msA:3.333
urn:cite:hmt:venAsign.426	426	urn:cite:hmt:critsigns.dotteddiple	urn:cts:greekLit:tlg0012.tlg001.msA:3.334
urn:cite:hmt:venAsign.427	427	urn:cite:hmt:critsigns.dotteddiple	urn:cts:greekLit:tlg0012.tlg001.msA:3.335
urn:cite:hmt:venAsign.428	428	urn:cite:hmt:critsigns.diple	urn:cts:greekLit:tlg0012.tlg001.msA:3.339
urn:cite:hmt:venAsign.429	429	urn:cite:hmt:critsigns.obelos	urn:cts:greekLit:tlg0012.tlg001.msA:3.352
urn:cite:hmt:venAsign.430	430	urn:cite:hmt:critsigns.diple	urn:cts:greekLit:tlg0012.tlg001.msA:3.354
urn:cite:hmt:venAsign.431	431	urn:cite:hmt:critsigns.diple	urn:cts:greekLit:tlg0012.tlg001.msA:3.361
urn:cite:hmt:venAsign.432	432	urn:cite:hmt:critsigns.dotteddiple	urn:cts:greekLit:tlg0012.tlg001.msA:3.364
urn:cite:hmt:venAsign.433	433	urn:cite:hmt:critsigns.diple	urn:cts:greekLit:tlg0012.tlg001.msA:3.368
urn:cite:hmt:venAsign.434	434	urn:cite:hmt:critsigns.diple	urn:cts:greekLit:tlg0012.tlg001.msA:3.380
urn:cite:hmt:venAsign.435	435	urn:cite:hmt:critsigns.diple	urn:cts:greekLit:tlg0012.tlg001.msA:3.391
urn:cite:hmt:venAsign.436	436	urn:cite:hmt:critsigns.diple	urn:cts:greekLit:tlg0012.tlg001.msA:3.392
urn:cite:hmt:venAsign.437	437	urn:cite:hmt:critsigns.dotteddiple	urn:cts:greekLit:tlg0012.tlg001.msA:3.395
urn:cite:hmt:venAsign.438	438	urn:cite:hmt:critsigns.obelos	urn:cts:greekLit:tlg0012.tlg001.msA:3.396
urn:cite:hmt:venAsign.439	439	urn:cite:hmt:critsigns.obelos	urn:cts:greekLit:tlg0012.tlg001.msA:3.397
urn:cite:hmt:venAsign.440	440	urn:cite:hmt:critsigns.obelos	urn:cts:greekLit:tlg0012.tlg001.msA:3.398
urn:cite:hmt:venAsign.441	441	urn:cite:hmt:critsigns.obelos	urn:cts:greekLit:tlg0012.tlg001.msA:3.399
urn:cite:hmt:venAsign.442	442	urn:cite:hmt:critsigns.obelos	urn:cts:greekLit:tlg0012.tlg001.msA:3.400
urn:cite:hmt:venAsign.443	443	urn:cite:hmt:critsigns.obelos	urn:cts:greekLit:tlg0012.tlg001.msA:3.401
urn:cite:hmt:venAsign.444	444	urn:cite:hmt:critsigns.obelos	urn:cts:greekLit:tlg0012.tlg001.msA:3.402
urn:cite:hmt:venAsign.445	445	urn:cite:hmt:critsigns.obelos	urn:cts:greekLit:tlg0012.tlg001.msA:3.403
urn:cite:hmt:venAsign.446	446	urn:cite:hmt:critsigns.obelos	urn:cts:greekLit:tlg0012.tlg001.msA:3.404
urn:cite:hmt:venAsign.447	447	urn:cite:hmt:critsigns.obelos	urn:cts:greekLit:tlg0012.tlg001.msA:3.405
urn:cite:hmt:venAsign.448	448	urn:cite:hmt:critsigns.obelos	urn:cts:greekLit:tlg0012.tlg001.msA:3.406
urn:cite:hmt:venAsign.449	449	urn:cite:hmt:critsigns.obelos	urn:cts:greekLit:tlg0012.tlg001.msA:3.407
urn:cite:hmt:venAsign.450	450	urn:cite:hmt:critsigns.obelos	urn:cts:greekLit:tlg0012.tlg001.msA:3.408
urn:cite:hmt:venAsign.451	451	urn:cite:hmt:critsigns.obelos	urn:cts:greekLit:tlg0012.tlg001.msA:3.409
urn:cite:hmt:venAsign.452	452	urn:cite:hmt:critsigns.obelos	urn:cts:greekLit:tlg0012.tlg001.msA:3.410
urn:cite:hmt:venAsign.453	453	urn:cite:hmt:critsigns.obelos	urn:cts:greekLit:tlg0012.tlg001.msA:3.411
urn:cite:hmt:venAsign.454	454	urn:cite:hmt:critsigns.obelos	urn:cts:greekLit:tlg0012.tlg001.msA:3.412
urn:cite:hmt:venAsign.455	455	urn:cite:hmt:critsigns.obelos	urn:cts:greekLit:tlg0012.tlg001.msA:3.413
urn:cite:hmt:venAsign.456	456	urn:cite:hmt:critsigns.obelos	urn:cts:greekLit:tlg0012.tlg001.msA:3.414
urn:cite:hmt:venAsign.457	457	urn:cite:hmt:critsigns.obelos	urn:cts:greekLit:tlg0012.tlg001.msA:3.415
urn:cite:hmt:venAsign.458	458	urn:cite:hmt:critsigns.obelos	urn:cts:greekLit:tlg0012.tlg001.msA:3.416
urn:cite:hmt:venAsign.459	459	urn:cite:hmt:critsigns.obelos	urn:cts:greekLit:tlg0012.tlg001.msA:3.417
urn:cite:hmt:venAsign.460	460	urn:cite:hmt:critsigns.obelos	urn:cts:greekLit:tlg0012.tlg001.msA:3.418
urn:cite:hmt:venAsign.461	461	urn:cite:hmt:critsigns.dotteddiple	urn:cts:greekLit:tlg0012.tlg001.msA:3.423
urn:cite:hmt:venAsign.462	462	urn:cite:hmt:critsigns.dotteddiple	urn:cts:greekLit:tlg0012.tlg001.msA:3.424
urn:cite:hmt:venAsign.463	463	urn:cite:hmt:critsigns.dotteddiple	urn:cts:greekLit:tlg0012.tlg001.msA:3.425
urn:cite:hmt:venAsign.464	464	urn:cite:hmt:critsigns.dotteddiple	urn:cts:greekLit:tlg0012.tlg001.msA:3.426
urn:cite:hmt:venAsign.465	465	urn:cite:hmt:critsigns.obelos	urn:cts:greekLit:tlg0012.tlg001.msA:3.432
urn:cite:hmt:venAsign.466	466	urn:cite:hmt:critsigns.obelos	urn:cts:greekLit:tlg0012.tlg001.msA:3.433
urn:cite:hmt:venAsign.467	467	urn:cite:hmt:critsigns.obelos	urn:cts:greekLit:tlg0012.tlg001.msA:3.434
urn:cite:hmt:venAsign.468	468	urn:cite:hmt:critsigns.obelos	urn:cts:greekLit:tlg0012.tlg001.msA:3.435
urn:cite:hmt:venAsign.469	469	urn:cite:hmt:critsigns.obelos	urn:cts:greekLit:tlg0012.tlg001.msA:3.436
urn:cite:hmt:venAsign.470	470	urn:cite:hmt:critsigns.diple	urn:cts:greekLit:tlg0012.tlg001.msA:3.445
urn:cite:hmt:venAsign.471	471	urn:cite:hmt:critsigns.dotteddiple	urn:cts:greekLit:tlg0012.tlg001.msA:3.459
urn:cite:hmt:venAsign.472	472	urn:cite:hmt:critsigns.diple	urn:cts:greekLit:tlg0012.tlg001.msA:3.460
